artist_id,artist_popularity
00EO3ANoojVxVuQ28pUVAT,16
00FQb4jTyendYWaN8pK0wa,91
00me4Ke1LsvMxt5kydlMyU,73
00xU4wfephkJrjwJPDvfkf,53
021sXp6RH5MQCCp2hmal6q,43
0274yz3YLvjWaqA8dhoPDv,20
02A3cEvlLLCbIMVDrK2GHV,55
02RgHAzh0DVNQR24lBuGOI,41
1d3ddJGqIC75OXxC3dIEb7,22
0JJ5TK4o8IGxYub8jXrxwW,0
7MruksIuWAiqH1CNEa51D9,38
02kJSzxNuaWGqwubyUba0Z,75
02vT04WkgQ8dO4f1GLMTP9,58
03GruNQP8X25PCoWzdvIGZ,61
03T8GHHcCEtcfnjbP5aHLg,48
03bZv2soJ4tPiZYlXON8Cz,23
03d2mJXSMtuPI0nIvLnhoS,66
03viIgoUyg6gfAcID5hRCm,40
042sjIstxjQz7xhDkEayIE,21
047UnCFE2OuyfRR2kx0o5j,29
04TgnlIyHhI5eGhmrhUHCQ,22
04abdnqPQe2N4fjztDea6z,57
04asJ5NL3DkTYcns86h02I,0
04gDigrS5kc9YWfZHwBETP,85
04m3oUGzjO3EJTQidFzTgM,63
053fl1QPQFGqSPPxSPcacT,38
05DD2jrwqfXiyDk3wDG8Yb,17
05KjvP5zdwtEIgEazqblZw,59
05SdqPzK4m3k1ljK2wrTSP,52
05TvjXcgQveeF7wh2DBHvp,49
05YVYeV4HxYp5rrWalvuE1,63
05oH07COxkXKIMt6mIPRee,64
060TqET6tyyfAQLXDyIDD8,45
06HL4z0CvFAxyc27GXpf02,100
06XDzzi31mBGSsaAABTZLb,53
06ezMzQs6hP65feMAjteNY,38
072QZuLtCqlAesYnOGY7lN,48
07Asx51VtMw5kbNXKrpZlq,56
07YUOmWljBTXwIseAUd9TW,81
07YZf4WDAMNwqr4jfgOZ8y,79
07sMHU0vu01xrz1gnNrNry,39
08GQAI4eElDnROBrJRGE0X,81
08PvCOlef4xdOr20jFSTPd,67
08ZqXO40nMrhBoGma4kls2,57
08jCyIC4E6iQjr4nrd1yDA,49
08p782h5VznNEQMM4wAEp9,46
09JJrjk6Mr5ZYwk1mk7aEb,51
09Xydf4dlkr29dH99DmsvQ,54
09agIJMxCD2k87ys9Al0f0,69
09fzXm3J90djEB1QdcID45,20
0A0FS04o6zMoto8OKPsDwY,74
0A9T67lakyVmzzPIdTqsUd,36
0ADcJlEKYSn2b1CZRiUBZ5,2
0AsThoR4KZSVktALiNcQwW,58
0B3N0ZINFWvizfa8bKiz4v,65
0BHo5QBLAjH32hoe4xHGYq,46
0BdqSoiFVJSplPq3KSySFz,51
0BmLNz4nSLfoWYW1cYsElL,61
0BmvxtDrOs00Vz9Jp48mZu,14
0Br4l2km0ic7BSsNh1E5h4,35
0BuvqDNQaCHcKJLCbK0M3P,29
0BwDkaGxADxhYYEXKmymdh,6
0C8ZW7ezQVs4URX5aX7Kqx,84
0CLdPh0gCvXGzPTLGn8f6n,27
0CbeG1224FS58EUx4tPevZ,71
0Cmknn37HGLC9KrGfeKx7M,3
0CmvFWTX9zmMNCUi6fHtAx,60
0Cp8WN4V8Tu4QJQwCN5Md4,66
0DBdeqMrwMOQtnVCswSYX6,0
0DbBBj0ScPumRqKXswGQH1,53
0DnjaQqb436AH1idffI6CQ,53
0Dt97GvTO4dxdBYqyxLwLY,40
0DwPrw4Zd15m2cdnpbwGKq,31
0EK9Z6BZkhp1tAR60mh8Jt,1
0EmeFodog0BfCgMzAIvKQp,89
0ErzCpIMyLcjPiwT4elrtZ,82
0F4rneT54YD3eaWYXUXvFM,30
0FrpdcVlJQqibaz5HfBUrL,59
0FsniWxk7B9Y5rOYxRrqiL,44
0FtsMKmZEq8fBWqdSOWtqp,63
0G30w5bGYq4LmC0L6bCOQQ,50
0GM7qgcRCORpGnfcN2tCiB,75
0H39MdGGX6dbnnQPt6NQkZ,69
0Hdj9rXnB5cahgEodATkrj,7
0HkcYmcjrBR3SCw9Ld5VZk,58
0HlxL5hisLf59ETEPM3cUA,66
0I6yADrmeyvw66g7yjkqIF,71
0IF46mUS8NXjgHabxk2MCM,63
0IiQOvnmgZpXMLB1fLVYko,21
0IyeWjNLB0Lxw0MgCEZtHw,38
0JBoAOvXNu0zco9DPeg9KD,25
0JFjWic1b9Mvv7WcNYhDvZ,34
5kPedB70NoaucwCvU7awih,0
0Jdu4KxR4ViDPoVn5VkoLh,21
0Jk0TeNXrhhwOMmR2nNyZR,56
0JnNzCUsHuDcUcBatOzuGP,50
0JqP06xsTN1rmZVgV7cEm8,33
0K3HwnyYaxoQO9hZCBLtOH,55
0KYOBAf6Zky4CFQne2JPTX,67
0Kk2TyRsy2ZPHXBYUx91Fd,0
0KpCz7V5XRkqKuM1JDf56O,50
0L5BtJ0tpOgMcQO94P26Tp,48
0MJzogKBA40WXWEIPGNZfp,16
0MlOPi3zIDMVrfA9R04Fe3,66
0NB5HROxc8dDBXpkIi1v3d,65
0NFlmEJpgyF2sO4mtlwFfl,42
0NGAZxHanS9e0iNHpR8f2W,78
0NIIxcxNHmOoyBx03SfTCD,67
0NIPkIjTV8mB795yEIiPYL,70
0NT8fqhPoKJrd038u1Qumz,52
0Njy6yR9LykNKYg9yE23QN,72
0NzM2Otx6eqCZZ1qkqkpdM,34
0OI69JToWA27DDNvB21821,11
0Oazwl71qoHvXnbSxv0wOT,54
0Of9D7A7yeMBccXYxLb3st,30
0Ol3Jol2T3lZZVLNNzWPhj,60
0P2SwYpgjmmZkMZ63nj82v,26
0PA28tQBY65NmvLi0xvuX9,43
0PLUhcaPtfTkL6ckBw0btt,53
0POkErJcpuhWNnCXAhgJoZ,36
0PxzGnCYBpSuaI49OR94cA,61
0Q7gK5T29pJT5TXXRdt2pP,30
0Q8NcsJwoCbZOHHW63su5S,82
0QHgL1lAIqAw0HtD7YldmP,76
0QK3rXIbRWEqxL0xJxvznz,0
0R4YpXgtQs80wg9EA2Z3pg,37
0RAWgVjsAEhbXPhqPGqd8n,37
0RGDVI8BLlpav7sViik5MU,44
0RHiqaoRCsFLPeEuj3OQz4,51
0RViEWnZO2VhmY4oI0PhF9,51
0RbCj3vtgrCSUPhLVtPkFk,20
0Re4W2GCbW1yoQmRWWqyLQ,0
0S2deWH67QwQaHV6MY7d0w,39
0SCbttzoZTnLFebDYmAWCm,69
0Scx1NxMnnRd5ra7aYKicB,0
0SfsnGyD8FpIN4U4WCkBZ5,74
0SwO7SWeDHJijQ3XNS7xEE,73
0T37oFURTpkWoGcWHjEcbR,37
0TAuJxwBthBIdrsm8wWJ0s,27
0TKFPt9w0AAEnhB9bd0pLy,69
0Tge1DJuyq67TiySAqnhLV,17
0TiohlngFk0tYdveiCXjoh,3
0TnOYISbd1XYRBk9myaseg,82
0U3b0BjITtQHwjwBVtiGcO,61
0VKTLKamj4IH8OfQbUL0kq,47
0VOfa8drf3sfLXmaLMX1iJ,24
0VRj0yCOv2FXJNP47XQnx5,79
0VZrPa7mWAYXH4CwmYk8Km,69
0Vw76uk7P8yVtTClWyOhac,65
0VxAPHwWkvVRCb5zSHI4Ag,30
0WK3H9OErSn5zKOkOV5egm,66
0WOxhx4hikIsyF3CRPLC8W,59
0WkKGLnA6bydqC4g98XFR3,0
0WleeEe3UurwlNbDGhb5Yz,54
0X2BH1fck6amBIoJhDVmmJ,81
0XNKQFs2Ewb3y0VsFUFc5l,61
0XOSmu9Qn1agQULUVe0dAK,45
0XRZp3XlKFzSQitm4UvUJe,9
0XmmX4fE4SiRMu3ICsP5sA,50
0Xtiyz6CUUVwXMa7lJ3eTk,0
0Y1nDqnjExJXZo4SYuzpgI,8
0Y5tJX1MQlPlqiwlOH1tJY,89
0Y6dVaC9DZtPNH4591M42W,79
0YEqYrtaoQS4IG1RzYuswC,0
0Ya43ZKWHTKkAbkoJJkwIB,64
0YinUQ50QDB7ZxSCLyQ40k,73
0Yr4BBpK2dkCp2UsrJ9LZN,62
0YrWkiT8pKvEu71t5Yllj7,39
0ZED1XzwlLHW4ZaG4lOT6m,74
0ZUvK7zGdXLd78mQr3t1Tw,68
0ZVAv3drBuIRSc88ATH6UK,50
0ZYv8jRFp5YAC29bfjaP9X,41
0ZhNhWeFYK2ZxuOPjWrcSS,0
0ZpbXB0r9gEkUuljKA1FTL,31
0a4r2EnsevvHCukoJ1xFwJ,53
0aaGmctmnPvISKrprVAtU8,40
0bBz5bRBkExaej2HxtVfCw,67
0bLxXoUrh0kANKQMWts8KV,34
0bNx2ooa8WvEzQxJYywh2X,1
0bTiNcg2aHJgozJZpKHyUH,1
0blbVefuxOGltDBa00dspv,67
0bzyhFojsIgDceZ4NQK9pY,33
0c173mlxpT3dSFRgMO8XPh,77
0c2cwdOEbkz41H31NHXaMH,28
0cHInYwq4GHrC3UotzgVQw,46
0ciYYtVA4U5kas1Q3CJeTA,27
0cuIIYEWDS7V1iBl65NtL6,53
0cwmNvclzPd8mQnoHuIksj,63
0dGhJPFQ0tA54qfYS3Bw82,20
0dLWi48ewntjhwF5nmJFn1,19
0daugAjUgbJSqdlyYNwIbT,64
0dcxj82ddksd6tDDcJgbqo,50
0deIjoDjl9g9Zpw0sCIOHh,55
0dlDsD7y6ccmDm8tuWCU6F,75
0du5cEVh5yTK9QJze8zA0C,87
0e86yPdC41PGRkLp2Q1Bph,72
0eDvMgVFoNV3TpwtrVCoTj,82
0epOFNiUfyON9EYx7Tpr6V,76
0etbdwzpEQsBS8nzcs8hho,2
0eulFYzjHkalG4jALSAQAo,17
0f2YkMXwFNJNSX7MymevKE,67
0f5nVCcR06GX8Qikz0COtT,65
0fA0VVWsXO9YnASrzqfmYu,80
0fEj1fYIQwWj1bzzAto9rp,49
0fHAJrdOubsQ6TiUmmR34c,23
0fcI5JpHvX0QVd0cwvjWZp,9
0fgDt47PS4OFVEO7Xgjl5t,0
0gBvuNzrFCOVaiyKexoYMH,56
0gCGZZ1Ibo5QsOnll977PD,51
0gb2lYBf4MTCUlqoAmDTX4,18
0gg11prPP6OqtUvBcKnPpq,56
0goAkRbqjvGdCHsTN0ToOL,35
0hCNtLu0JehylgoiP8L4Gh,86
0hEurMDQu99nJRq8pTxO14,77
0hP7lKMgHHuXcFgSX1T25m,18
0hddgNuylJx8anIpnR7MJA,0
0huGjMyP507tBCARyzSkrv,69
0iEtIxbK0KxaSlF7G42ZOp,89
0iOVhN3tnSvgDbcg25JoJb,67
0icjnvOhvT9hktbxVOUogI,41
0ijXDXPqvo3fzBrGpVjpV4,30
0imE3buPhAowREqCrr4CYe,58
0io0zWpbQm5kKw5SjeCNTO,26
0iqkVK6sTXi7DZWWOeKy8Q,55
0itKTaTB3xwSl5Na3TdXM5,18
0iui2Be5CP8EWxvHYsVspL,55
0jL5A3JBu46MsYrr5JMPuT,50
0jRqFvRKCDryHOgrgFqsKG,58
0jZCd5FFBIaaiXlIJX6I9h,53
0jnsk9HBra6NMjO2oANoPY,78
0jowzILNRrPmfpajO2iWmz,19
0kRAKgEOVI43Qkz9PLmPt8,48
0kRb2OhvXmS14Bop8FzFoS,20
0ky35RFIp2iNa8TTfGWBAa,1
0l0rBEfLsuKegoMfFSgUDV,16
0lHoDF96DNKSIcIpcOfMnq,55
0lPZJTNurUF05u2JHm48cH,37
0le01dl1WllSHhjEXRl4in,61
0lslA51eKXwTUY0TSX9Emy,38
0mFSEc32ollCTlw9LDEKjc,0
0mJXVw5EeYaDNz0tIzFXzp,1
0mXTJETA4XUa12MmmXxZJh,62
0mYBT2Ek76Szd4MqbCgT5R,35
0mZbFsWo9tHccJsYkrIczQ,39
0mqt171ipcjglLoaC66zJO,20
0n4a5imdLBN24fIrBWoqrv,60
0n6sKrG0xKAf8xmdqeNGke,62
0ndm6JWcrLhnmrbVzSGi0b,49
0o6LCZEfbT14B1FOlpN828,23
0oNrNJk1WEVKDpbz4bw54T,34
0oPeHAZ3BpdlD8EyeBLady,55
0oXTS2yHUnuji1R7kc9J9a,60
0odPXKGYqtTpiWJFBhqyVB,57
0ojgcvasAUtJXXV8ddYQNt,45
0p4nmQO2msCgU4IF37Wi3j,76
0pQGruzS2qDKZKC2brjxA9,38
0pg0Zm8FsGAYy5kdHuBnSo,67
0pvhBvl3SFpzhahmYfqcPo,27
0q3QpDWFc2LKrLF9ur3iMM,33
0qYINfX1wOzCw0roXbul4X,8
0r7PsZB4ePA6vHrW4agoGN,27
0rCcQIjZ7TfeeXyUFBlTAY,41
0rQjJGZLXBq95OA3nSmDj9,42
0rUq829p7JPVGfnSCDpARg,26
0rZRTXEmmPmx6gt92tBqIc,69
0regODbTxcC0qiBxfcpYH3,32
0sL3264UDyQfeO3YA6E16t,1
0tFGlYcMNSsKJx4Gd9SadM,30
0touaoSr4QOLYxBJ9lmGgK,38
0twOLSSglhVvipWIIgX4yM,30
0u1gvgaBg3WjHRFOig5Um7,33
0u6GtibW46tFX7koQ6uNJZ,74
0uGk2czvcpWQA383Im6ajf,63
0ucLPotcQNI7AViFytdhBz,51
0ukXzWp2EMK6CBY5KEYTlj,8
0uqlT7M0lAL931lCyQLkde,41
0vMv24BXeZOK8l3S5SMLri,44
0vR2qb8m9WHeZ5ByCbimq2,78
0vRvGUQVUjytro0xpb26bs,65
0vXtpskNA5slWYQBsjlaJU,30
0vkSMROB6h5BCiGeR78iql,11
0w7HLMvZOHatWVbAKee1zF,64
0wHeZY93Ede0g1jXaWsiFS,49
0wJjQdTIcVB6rkaT30z5R7,29
0wNRzqau5kgRynxF70mxk6,2
0wuyli3IxBlWBUFNPP4saf,32
0xOeVMOz2fVg5BJY3N6akT,67
0xRXCcSX89eobfrshSVdyu,77
0xTcxl35DKXUeYRWqY10w6,48
0xcfx1bbm3GNYmGBHT2hRg,20
0y4czH6DnvpftiSoy7V3HY,63
0yApzRdrUqTGqX9MULdnmV,38
0ySFZq3Wd0SQUyJUzmJAeb,58
0yb46jwm7gqbZXVXZQ8Z1e,63
0yeLsdnHTlx7zINJ51Chmz,11
0z4gvV4rjIZ9wHck67ucSV,80
0zZJhc1T0zBurhnBwQ2fcu,49
104MEXVEEi3z2fwWYiln5D,12
10pMyCRhDkBpyuc38QOlKf,42
117XFtbZPnCI1EYKjYZWJc,65
11BbQejRtdBllUgvOlM3JV,0
11CxpTfZC60MYKjL7HESKR,48
11VAw1gSlLWsc2RS9UcyHk,26
11iQCRz636WFdHj42qxAF6,55
1294QqYm1VuxxjRiL9M0h9,62
12A83CWwFiyXy90ScLWPIe,64
12Chz98pHFMPJEknJQMWvI,75
12Jp4jInGELGsN5jydIbx5,44
12Kgt2eahvxNWhD5PnSUde,53
12LR4TC9cAP9Iz1XbqNqdN,3
12PSlydMSjEHzSCj9X5qv7,61
12U3blX0ilxf0tnejqPDYD,25
12nEr6QOfSKkiTXjEp8tBB,69
12rBrcOPP50qIan8ew4iTP,59
12sBktX9iFMd4xc7GeUg0L,0
12sZnW13tpDIhvsfdRI2Mj,0
12trz2INGglrKMzLmg0y2C,59
1359cXd992MwCyGCgbPDcS,44
137W8MRPWKqSmrBGDBFSop,82
13WCtXTHI3pBzCaTZEfwrM,26
13saZpZnCDWOI9D4IJhp1f,67
14scxEoUN7Dcx1m4EQ7oHe,43
14zUHaJZo1mnYtn6IBRaRP,79
15K8w0bfYieOr55vhSMgJN,62
15UsOTVnJzReFVN1VCnxy4,86
15ZjD8Gus20Miqw3fdOaXX,52
15oiQRdZa4LrpfMbJ2dwzK,40
163tK9Wjr9P9DmM0AVK7lm,76
164Uj4eKjl6zTBKfJLFKKK,82
16Nc36xAtNyQ7BMBcDsaLv,43
16oZKvXb6WkQlVAjwo2Wbg,76
16raqbyWP8xgVIWbm0JbQV,0
17CbKzT0I4256iVuPvrZXr,51
17Do37U0HEbxu1tOrKH8dL,48
181bsRPaVXVlUKXrxwZfHK,78
182Q4fQ8L6UUhWeCUOT8di,10
182llcVnhxpVBBmfSElMHX,42
185m2EJWTIm36MdqguiU8T,45
18H66ckLzDLg2Gt9VoqDXI,36
18KWQQ7tKsUW9akG4QbUDj,24
18RtsuKFWko5JfeMsIi0YP,43
18d60O7A2Kq1WnqXeg3DPJ,0
18eciKrusDglwwZPbopzpJ,2
18wxlqChFTwNsoxNMEG6sN,21
19oF1jBujEkt1LlgH0sNfN,0
19ra5tSw0tWufvUp8GotLo,72
19vSzy8s8Vc04MWTqExkLN,28
1AbJ2cmwK400LSvdvBL5Jc,66
1AhjOkOLkbHUfcHDSErXQs,67
1BQDxj2la520DTeUkjBfIA,12
1BYb2bqPgsx32Ci3HEzuia,29
1BhWF9W2PngtPSyobKg0rP,57
1Bl6wpkWCQ4KVgnASpvzzA,67
1BnwMOgZYu1u38zXGQzM79,22
1BwDWgdDJe3TJXLZkBkpsI,42
1CVvTQ5zWJr1o5tI0LEzAo,2
1CWmF1EcrKoWIbZt9Ivfg2,51
1CbQrKvCpEnekM3QMGJtXK,51
1Cs0zKBU1kc0i8ypK3B9ai,88
1CyAtnOmpHpo7OcTqkLMnR,41
1DUe4IZUNzPmSC07uQqyaL,0
1EUmQM6xgUQLUkJVcvSdey,57
1Ecl9uVEThgbEiJWaPwF7B,40
1EeArivTpzLNCqubV95255,49
1EguSXeFKLoIMOZByJTqw2,27
1EjddlgoBT9qmrqLdPbCTx,40
1EowJ1WwkMzkCkRomFhui7,73
1EtBmvqGOtWnjDgCUFQRqI,56
1Ey0RzzHkjmAiKfPZUeXai,0
1F7MvVKA8aIz7spul2xdl1,23
1Ffb6ejR6Fe5IamqA5oRUF,78
1G9G7WwrXka3Z1r7aIDjI7,74
1GDbiv3spRmZ1XdM1jQbT7,74
1GMPMhz8k6gLNYMGoz9hYB,27
1GbIkmv5H1Ok9Vo2UbDLuE,27
1GthBAWa94fXiOIDwMSjFq,6
1HY2Jd0NmPuamShAr6KMms,85
1HkpK55jsORzgtOURbOeQH,41
1Hr5Adjkxh6ihfsoahOY38,39
1I2O1hTFF1JXLnuvIn2IXl,52
1IAIRAvJCUc01U0doDVKN9,45
1IFBgp2dkXquUYSNEY6hK7,46
1IJ4wDIUWLb0XLmPN79SDj,31
1IQ4CjwKkdARjL5KtYiMt4,39
1IRUBjX6bQWnwupD48ZRgc,40
1IsT0svDOuLxTGUypINQlw,15
1JQLCxphQYlnbokiEvfB8o,42
1JZTStn7PjC7BHda6lAUV5,46
1JygQfeB7OmzophGsgNwSb,52
1KCSPY1glIKqW2TotWuXOR,81
1KNXft7nnRQj82sENi7WGN,56
1KP6TWI40m7p3QBTU6u2xo,67
1KXJUpTiNeMv93LrJbbm7G,57
1KoRj2ZFjBc0xgcgMNBMIX,39
1LZEQNv7sE11VDY3SdxQeN,76
1MEA4GhECn2Tll6cKzesEE,15
1MIVXf74SZHmTIp4V4paH4,68
1MQ48GaF9nanTisRGu3Mtl,56
1McMsnEElThX1knmY4oliG,82
1MpEKr48JzSZMwbifjxu8Z,27
1MwLL0gQq4qgfvzLyve6YT,20
1My8k9XMR2leufMP9LPNmT,5
1NIQyQhhLxI07lSrY00HVB,0
1Nl4T9IMmYtAiblMLKRbpH,35
1OAjDaKgg00KCUYqDe68un,68
1OORPn1eWIuq0yijzRWCZA,4
1OcA65PocQhVxekeEa31WK,24
1OrSb6vu3ybhKsSY50R5HU,30
1OwYxVDNKP9JtSpp5E0uA4,54
1P2LCQpGGunqe7mrhkW5Y3,21
1PDxe3q6OQEkmB9MArLXxx,22
1PI4WlIlSXjbueFblPqWnT,30
1PKErrAhYFdfrDymGHRQRo,64
1PXVcJMUstiJ7sBwu7jEll,11
1Q3BNsDvS2noCepPvn1fS9,10
1QAJqy2dA3ihHBFIHRphZj,80
1QRj3hoop9Mv5VvHQkwPEp,66
1ROS8X4pkNhl5ctWaPEeSM,0
1ROvuasaYCB9PuCY83Ulnt,30
1RyvyyTE3xzB2ZywiAwp0i,90
1S3bSLnu3ozJ95rAWmrAWr,0
1SCWcYnoEh1978ycTDhZoW,46
1SrWbIDP84JcSDr0oTBAQw,54
1SridnvhrGK3S0cfnVcOYR,63
1T0wRBO0CK0vK8ouUMqEl5,64
1TPNC8TFcyC8s5TeSmQT23,34
1U1el3k54VvEUzo3ybLPlM,86
1UOqqaCn0JIkR977k0L4LD,25
1UjxAZqzphB1tsMb1aWBj0,66
1V3b1yyoUUqSPM1QbIyGLb,13
1VBAKMui4zm5MnBWNn3NbL,51
1VBflYyxBhnDc9uVib98rw,66
1VFoktbrbWpcvY68NugA10,7
1VPmR4DJC1PlOtd0IADAO0,85
1VbN1iTiu4spUr0HVK17Rv,14
1VmZ0enkE7FIlIHotMbtPo,11
1W6CJYsw4L401YjdsudVjK,11
1W7FNibLa0O0b572tB2w7t,68
1WHYTMWSXn7ix7PAO82FEX,47
1WO1hFAkFbeo9tV3uVX7Dy,61
1WgXqy2Dd70QQOU7Ay074N,72
1X6cBGnXpEpN7CmflLKmLV,68
1XLWox9w1Yvbodui0SRhUQ,59
1Xfmvd48oOhEWkscWyEbh9,65
1XmQF3YXcIjv9PhNN69v8s,36
1Xp9npgnzvhyogWV8sjOre,0
1Xyo4u8uXC1ZmMpatF05PJ,95
1YAdK3SWGac2Vxd4vaYM8w,4
1YRqgFNXqRyMDRr8ClS1NL,69
1YfEcTuGvBQ8xSD1f53UnK,71
1YlibpAvhJBbMZMBwN1KGv,54
1Z7q2glJYLsPpPoPIgBjdE,50
1ZbYvGN9FcTc6aRFm30oxw,10
1a9GLZX6UUiS0togwq1Viq,29
1adGvsK8A0XG2D18ufk7fZ,57
1anyVhU62p31KFi8MEzkbf,74
1axzeDRNpQsEpb5tJVzCH2,1
1b4DN8Vj0dnj5cceMFsRYN,48
1bqrqSeWJyuwoW91townnc,24
1cNDP5yjU5vjeR8qMf4grg,72
1cNPXWhKfjI0fT5EMCnamR,61
1cYhx7ZOhYoVmnDPb9KMwo,70
1cdXZUfRhXZ8DnwMV4CcS5,47
7bTX1gDDjqXCKoS41qr6IG,22
1d8sE3eKAsuUHShVmIwK6d,30
1dABGukgZ8XKKOdd2rVSHM,74
1dXyyDButMVteLKOOVqz6Z,53
1dfeR4HaWDbWqFHLkxsg1d,84
1dpv0XBdgUa5z4vzn7ahIz,39
1dq0GAzGi7vIwvcREuVKiZ,45
1dqyvasqrPO2j7VS8TOxDl,31
1eMmoIprPDWeFdB1FxU6ZV,65
1ewyVtTZBqFYWIcepopRhp,50
1fYdgyGBrMIEML5cuo5FpZ,54
1fctva4kpRbg2k3v7kwRuS,69
1fvvJI9jOyh1V5Cjb3hbHs,0
1g1yxsNVPhMUl9GrMjEb2o,63
1gEmRPl8SSi7PkKlvxTiIz,17
1gPhS1zisyXr5dHTYZyiMe,73
1gl0S9pS0Zw0qfa14rDD3D,69
1hTxTWi0qO9VGuG9elXEcZ,48
1hUvMU3Sw9PKvnwftPtx8S,41
1htYtUdXVMwR6HCSs821Lc,44
1i0tkBOecnGfxqqqq50Pph,21
1i8SpTcr7yvPOmcqrbnVXY,87
1iAhTm8XMVjvwWArvxgufA,14
1iBxtU5394iPOzmot1FDUD,43
1iJdyDcY98X3GMnUesl7tf,63
1iZ14TVJls7Vh49yEbCBJG,0
1j4IqKoo9teP3cGdB5d1Ut,30
1jSjfSgDjedJdi5MoyRu78,65
1jYb0bxf66vnGdNun4KXhE,31
1juIpte4oHJ5ngVLPTUPuJ,48
1kPCI44Jh0btRRRHjouPSc,42
1kzMgoLmkpbvtrxSZ63k5D,33
1l2ekx5skC4gJH8djERwh1,67
1lMjwB6Jj16Nf2U2xUQlO1,30
1litPnDrAnqfOX7WF448Jc,1
1lmU3giNF3CSbkVSQmLpHQ,62
1lyj6IjojSJrtxNZCATt3Z,45
1lzugG0lqNh9nP6Fp2zG3c,43
1mCY2mHctggfYiEqpCgcSz,37
1mJucMwGjnCatEdVk9eedj,43
1mcTU81TzQhprhouKaTkpq,89
1mfiClklwHVNZySnN2K1Ai,43
1mhqV3TKErQZb0mZDaR0Xo,34
1mlAkvaCrzWSxS2ATBZh27,39
1mmlWsyPJvvxMdabcGJjRn,38
1nFXAWrKAG4VAP8Gd7plzo,7
1nwjHzOUQZsNYX8xoWiGVC,58
1nzgtKYFckznkcVMR3Gg4z,65
1o2NpYGqHiCq7FoiYdyd1x,67
1oWGd65mQ43qogAn2pFQhM,26
1oouccpDDuphc2a5qUBJ50,14
1oxZxW3ta1uFAZBIyclbUG,30
1p8A4FgZDL8Q7o6BO3NwJk,37
1pEZZUBRto2Tid1aaFOzQK,43
1pPmIToKXyGdsCF6LmqLmI,72
1pvGoWFshVrNYxa20W5WlJ,16
1pvvkUMrCemVbHsl0x6yGG,14
1r0zK0jKdLzSbARK0hKZHz,0
1r4hJ1h58CWwUQe3MxPuau,83
1rTvWCId0BHlFKAVipqBVO,48
1t20wYnTiAT0Bs7H1hv9Wt,61
1t2caVgyabZrVDAlmMGraV,56
1tJnPDE5oPDB6ZqMsCTTYx,49
1tM4ox3QsSpl3R2VwLjJ47,52
1tMWkquIkQtVD6vaZlDbSQ,53
1tqZaCwM57UFKjWoYwMLrw,67
1tqhsYv8yBBdwANFNzHtcr,61
1uNFoZAHBGtllmzznpCI3s,89
1uU7g3DNSbsu0QjSEqZtEd,66
1up4lH4bnEUmG9oWaNdiye,17
1v2nDgCQIAgO0tTXWcQbgh,29
1vCWHaC5f2uS3yhpwWbIA6,81
1vPv4IMjXdYC2YooZHqgEa,14
1vVHevk2PD45epYnDi9CCc,61
1vZAPVpvdBFzQX1KIggCLx,16
1vcXQE9gZOF9PCAtdtT51L,41
1vfezMIyCr4XUdYRaKIKi3,67
1vkWdqcabQ1swciXipkLBj,60
1vlFSfoahgg48cLEEARc5H,4
1vo8zHmO1KzkuU9Xxh6J7W,63
1vqR17Iv8VFdzure1TAXEq,72
1vvD9XGQVmNtKsyPW7TFcZ,31
1vyhD5VmyZ7KMfW5gqLgo5,86
1wG6KrT3zgutFeiCddBivH,37
1wGShPr9w3PuMHqowhVqp3,0
1wNmJCRRNn8WpJrRSTKKqT,60
1wdU1J2NHzcDYarT7jEU2A,48
1xxan2om8RkLoKc9R2hzNF,4
1yTFxOE7brYEsqzsd5uR3V,14
1yxSLGMDHlW21z4YXirZDS,80
1z7b1Pr1rSlvWRzsW3HOrS,77
1zNqDE7qDGCsyzJwohVaoX,80
20DZAfCuP1TKZl5KcY7z3Q,67
20V4dlQgbJH5dFBr2edJBC,42
20gOeXI8NLUKdSr9Z4YeD6,33
20gsENnposVs2I4rQ5kvrf,72
20kBxm1SCv4R6XlOzZZwaM,24
21E3waRsmPlU7jZsS13rcj,78
21WS9wngs9AqFckK7yYJPM,68
21ciCl1i66cJdB0owlmyQ8,43
21eDBWuCB3k1jIW33SCKXM,2
223Mhyb0sPNAo3yQHHcQOl,11
22UgSS755ESXV2NfD1BkN5,11
22hWz22JAmIhIEp0u1X01L,63
23Lt1ZWviH3aHMBrxp5MJp,0
23fqKkggKUBHNkbKtXEls4,79
23jjDGqQRQfDdZ8xiz9ILU,41
23tQKPyz9GU1ZuCjH7X9Hw,29
23xCxwjg6Bqwm7rh6n9Kjd,45
23zg3TcAtWQy7J6upgbUnj,79
246dkjvS1zLTtiykXe5h60,89
24BYRlsS8uIO4jA71mJ4Js,65
24CgJHK6T7C5OmUbiLLMjJ,57
24D8gx0257CDd1HAuqNuHu,56
24OOezLAWogOzOGA6zinFo,8
24Sxfn1uAoJmuR9N72drt9,62
24e432msaVQMe5Im63Npxp,19
24euVOj1PCRl5SLjmmfjhX,0
25b7eSZD64Sm8ReHZ1WDc7,54
25p1uAURmIM9Fvf8sBeZ7z,34
25sJFKMqDENdsTF7zRXoif,65
25uXMEYFOltef0wAogakzr,24
25uiPmTg16RbhZWAqwLBy5,75
26HhAGEjD8E9u9EFsVzbvy,21
26T3LtbuGT1Fu9m0eRq5X3,73
26VFTg2z8YR0cCuwLzESi2,82
26cMerAxjx9GedFt0lMDjm,64
26dSoYclwsYLMAKD3tpOr4,80
27EsaYcDfQ1XhSx08LJCNR,29
27FGXRNruFoOdf1vP8dqcH,63
27foDL8SBDLivhZNlDsAza,51
2848adRcxvgWNRcz1g1tQD,53
284ibNIyXqnBdCwRchG18F,15
28B54RKpJrEmDoGSTjsfY6,52
28ExwzUQsvgJooOI0X1mr3,73
28Jt29jw6Smc3ZkzALTouq,44
28gNT5KBp7IjEOQoevXf9N,79
28lJbkkC9gYG1KtL3DqVKF,17
28y6CyJNkGNjJQKrlx4AmN,63
29EUn8duD1oEQ6Gj7I6S74,24
29NSCOYIrTnp6YosKXE83Q,0
29WzbAQtDnBJF09es0uddn,63
29YEIiGDj5agFJ2Bda2dkO,25
29b16XDtyMXDrfo2hZ69wf,53
29fYmEEfOkMcIcz97cDy4y,8
29gNyhlrTMFgj3Q36tEaEX,0
2AsusXITU8P25dlRNhcAbG,67
2AtYJoC6VmUtkxonmVnbVR,53
2AxWLbnfmYg7QkQDt55bFu,31
2BDbEW8dSIADppnbbZzkGw,27
2Bb57H1EnnHxtpSyOAJF8l,52
2BhAM5ZQjA4rH0JmsyfuRe,12
2C77lyDSeBVWnUBpp18Lyn,21
2D4FOOOtWycb3Aw9nY5n3c,66
2D5kO95AWEXMHRvqvCKb7K,46
2DXgW7ASuD1XHUoLwycq4w,0
2DYDFBqoaBP2i9XrTGpOgF,64
2DspEsT7UXGKd2VaaedgG4,69
2E4lzxgBnCEqLawsXeRKWp,41
2EBXb10GiPDopN4arIbqts,24
2EGJbNf0Hva2C2N6hvhMXD,36
2EMAnMvWE2eb56ToJVfCWs,79
2EbfcgJAqKjjoOAxa7KUs7,24
2Ee5ATMtBMDXnfN4ZtGBco,40
2Elhs91WcjpjOEi4Et4tUk,7
2ExGrw6XpbtUAJHTLtUXUD,67
2FGYJ3WqsLqkv65pO5NYYQ,38
2FIGTfXnX4gR3ypjQVPVlJ,41
2FMdAViOScZVhMjAunoYNK,57
2FkO69EvXtiMZfDuq0rN1V,51
2FnjEL8SlmLe3YBFmPkV9N,53
2Ftt7hX7o91UEX3nDfSOba,1
2FvXtuMlYRrEkSF7kdAfFq,44
2FwJwEswyIUAljqgjNSHgP,64
2G7QgTep5IsJHGHm1hXygD,60
2G7VQ1kVhVfNagytlousgm,65
2HB65P72dFRiOKvbLLcil2,66
2HDr90mJP3k5gaCkPIKdEn,34
2HXfSr5CfTPZbcqS2gyGYm,31
2HZTsImBFR0wFuOHTxH3Wl,40
2HcwFjNelS49kFbfvMxQYw,70
2HpYCHV3bvQ71jmohAnBL8,49
2IE8iMYAitEU7JXmcjSL2y,29
2IUl3m1H1EQ7QfNbNWvgru,73
2ItqDyOHeQBaOPeZmKVu2p,45
2Iyxo030DdKWKmhhEaS22p,38
2JEIN1g27pZdm3hKB9EwE5,52
2JSwnwAT1BupAQkhqcRCUw,56
2JbE7jUIGtpXSzytnyMg6U,51
2JyNzzFJh2wkkZo7ZjMSs2,35
2JyWXPbkqI5ZJa3gwqVa0c,64
2KC9Qb60EaY0kW4eH68vr3,71
2KRTKR7OfyZ8d5xI5kb1ZP,0
2KewEocognk3bL1lQZe45G,49
2Kk6KjwTS9Q530Jmul6eHc,21
2KsIqWw1S0S8L8f86GwEMb,43
2KsP6tYLJlTBvSUxnwlVWa,70
2LIk90788K0zvyj2JJVwkJ,81
2LO6MZ0w06BnfgIfoJHIe6,45
2LiS7gJzbN1cv22Fxg6wng,49
2Llq6G1MCodmFhz479JMwj,18
2MUXvv3lFulPYMUCtNrEBu,55
2MbY32LPINIi9P6PCkrOJI,35
2MiNQ1pmXkPT3R7e7HKadH,0
2MqhkhX4npxDZ62ObR5ELO,66
2MuFzH1J5I6gGFYo2qhZmX,52
2N6CXW1jAnVGPYRTCzjsXt,0
2NLseG7xyv3fHY5U8AUntx,47
2NdeV5rLm47xAvogXrYhJX,70
2NfSBtmWe7oPw1EmetJVso,63
2NjfBq1NflQcKSeiDooVjY,70
2NpPlwwDVYR5dIj0F31EcC,67
2ODbg2404zUzTi02qIPEjB,67
2OFw6xaq6hw3PNGt4VPsaM,12
2ONoOunWxnWn1DikA6rjBM,39
2OYCiru0FZMaAXWn6eL7MA,36
2OnjoU7DZQVdp2xMVmtikz,0
2P3aLwJ41aRYkyFFw2FRM7,47
2P4MbRBCDPc8wfP9189jj2,0
2PPhcBfaeaUDjqGwTqn8JL,46
2PaZWGu5T5nHjY2xxAkFsT,57
2Q3eZMfDQgT8MhPowKFXYO,62
2Q9c6ETFOkDDTy53U7DIgr,56
2QO4BoS02IcWyEv7YAuk3g,26
2QSPrJfYeRXaltEEiriXN9,50
2QWIScpFDNxmS6ZEMIUvgm,73
2QeuYhXNA1WNPCeMLNBqIc,40
2QsynagSdAqZj3U9HgDzjD,79
2R1ubdXY4sUiDqsCtoAVUE,47
2RDOrhPqAM4jzTRCEb19qX,64
2S6w47njAGzg0ffeYQFj8c,0
2SANWJf1KwERlPe01uk75Q,37
2SJhf6rTOU53g8yBdAjPby,63
2SXdDtsmvodT4VsmNwAz3b,25
2SXhbucehn00OBVKhzxDyM,49
2Tk5OizALRa9OpYAbRTpG6,13
2U5mF0PZqGu6glnz55yY0y,61
2UMj7NCbuqy1yUZmiSYGjJ,74
2UOsTuSjbSm8JJqXfLZow3,40
2UwJRAgSOi1zcLkvUNc8XL,49
2VKPAleFIMJop2TYK2r5qt,38
2WBJQGf1bT1kxuoqziH5g4,73
2WKdxPFRD7IqZvlIAvhMgY,66
2WgfkM8S11vg4kxLgDY3F5,51
2WuXRwEjXIjW5uVZOSxqYS,42
2WxjxdeF7GGdcCK276qViY,58
2WzaAvm2bBCf4pEhyuDgCY,74
2XOzTjiQuB1TeW6JQKU3j7,38
2XlVCcDA8O6Zkzb1DjvB3D,10
2Xwhv9ka5HeBx9c1Sq3o6C,38
2Y9AUayH5pyZpVfkDYDfJV,49
2YHPVKeJcX02OyeNneU5v3,57
2YOYua8FpudSEiB9s88IgQ,70
2YZyLoL8N0Wb9xBt1NhZWg,89
2YqJwmohaNjg9lg51flSax,49
2Z6xTM6gO15YXn8qc7f8aT,5
2ZRQcIgzPCVaT9XKhXZIzh,70
2aYJ5LAta2ScCdfLhKgZOY,57
2ahaBARCiW8tXoQa0AeaqB,23
2ayt5jDUuTCpoTG7sHSvuq,55
2bStSSSAYNLCBApc6Qrirf,43
2c2ekMthLByoJhFMLLl2Ch,32
2cFhATtJ9yq5JEDLpLBGRm,0
2cFrymmkijnjDg9SS92EPM,77
2cMVIRpseAO7fJAxNfg6rD,59
2cPqdH7XMvwaBJEVjheH8g,76
2ckh5zGVTaJwcMRw6Whx9c,20
2crfTbTl8cTxLFidTcd2Tg,14
2cy1zPcrFcXAJTP0APWewL,70
2dZshj2g0klBLuEML2xkWg,56
2ds47hSr82tLZR2kS5aNdt,55
2e7a6ZMxkwltCzbxHq8b3t,45
2eFq1Ymf6ppzrdKxt0OpY4,29
2eXe5H2p9q1VQVVZ0nnkyO,43
2eqoJbzUGDwys5ENUkbT3h,60
2exudSjTjUksRJhnF5JZYn,38
2f4KPREn8YDbPoYjie3KKV,27
2feDdbD5araYcm6JhFHHw7,81
2fqqMBwNOHxKpA4gWGxVOo,1
2fvMSlOSQhxTu5Zzc1ih9Q,0
2gBjLmx6zQnFGQJCAQpRgw,75
2gRnaSRQWr0f6ZYjTnYBAq,1
2gSxtEUcQtVe0nOOLQEEz1,0
2gTlYpda2zddjmuF2qyBpp,12
2gsggkzM5R49q6jpPvazou,71
2h93pZq0e7k5yf4dywlkpM,84
2hPgGN4uhvXAxiXQBIXOmE,59
2hRNaXYWEttF5RP529ICut,0
2hejA1Dkf8v8R0koF44FvW,76
2hiq2iBnUik3mrOfEgRSpB,53
2hlmm7s2ICUX0LVIhVFlZQ,83
2iB7AJhJmkWkkehY9ccB0j,60
2iojnBLj0qIMiKPvVhLnsH,69
2iwUUr9Udu8z6L2ZJcYr6i,57
2j0vP8ZxbL4V0hBbHOjvrH,43
2jHp7gQArCQrlMvdrIVFCg,66
2jSGzJw0ebJLu7OLVSOcBP,78
2jg1MyFUxojR6GG4wfByU3,35
2jku7tDXc6XoB6MO2hFuqg,80
2jpQ0ywffgVHhZFQNWaWYW,54
2jw70GZXlAI8QzWeY2bgRc,76
2jwmP4TgzTGqjCfcXMDayW,53
2kCO8LXN1usaOPL3iEE28I,67
2kCcBybjl3SAtIcwdWpUe3,82
2kRfqPViCqYdSGhYSM9R0Q,71
2kZThDGZcHl4klYYFk0v8n,53
2kqUKsTuEj1lPbm6BSn1AU,65
2lnMzCEppThLQslhJavXPR,26
2lsJv6qUERUm02g6uaxRri,33
2mF9PcfpN8vxRtCfra8hz1,59
2mxe0TnaNL039ysAj51xPQ,66
2n6FviARgtjjimZXu18uRM,55
2nm38smINjms1LtczR0Cei,70
2nwk9rtXu9sJ4sh8LLyDUE,47
2o08sCWF5yyo2G4DCiT7T9,65
2o5jDhtHVPhrJdv3cEQ99Z,84
2oAwAgoeTyUGJ08QKQhvk7,0
2oQX8QiMXOyuqbcZEFsZfm,77
2oT7xd9iTO2ejLsNGIMa5f,56
2oX42qP5ineK3hrhBECLmj,69
2p4FqHnazRucYQHyDCdBrJ,68
2pM3a5lWWUSNOPRGYcmGqT,28
2pNOru6nVk0UyIVsgNRudo,16
2pae36JwIwwS5a9G0qqI82,25
2q10Wskc3lPYmEuV7rzMCv,57
2qCwqpQzlQTlFIIggAQS9l,25
2qYZSQSiIcYhpEN85hgWnp,40
2qk9voo8llSGYcZ6xrBzKx,74
2qxJFvFYMEDqd7ui6kSAcq,74
2r8X6T84SucAyX88QbvahO,22
2r9JxlwwhDhTLiJCIDQpAi,34
2rTo8KIkBTFjQS7VvaKYQ4,67
2rWCIhENZyPVDAeFC0ESWN,64
2rhFzFmezpnW82MNqEKVry,74
2t045HJL3vVL43iCChlMeR,0
2tIP7SsRs7vjIcLrU85W8J,80
2tOS3f6iaWspDI0WUowsZI,50
2tndYCXQneCV4jtoWRwVpz,65
2txHhyCwHjUEpJjWrEyqyX,76
2u1aL8XADqj0nJFHMKRjNw,56
2uCsH4JNHrT3uoSJX8a92Y,29
2uDJoZJRDX2CSfaFG5Jhw2,33
2uFC1dAj5b0YU7vulKNZ0p,58
2uGKgNuq7MnKksXiSO6HjB,64
2uYWxilOVlUdk4oV9DvwqK,78
2v4sH8oC1yafooiSQDNIfx,9
2vjNTysdXG2Sb3FhZoJ2vf,0
2vnB6tuQMaQpORiRdvXF9H,68
2w2KtruAlZoFToB691zUXC,9
2wIVse2owClT7go1WT98tk,72
2wUjUUtkb5lvLKcGKsKqsR,73
2wWKZNmShJsXKCOosnoEIq,43
2wX6xSig4Rig5kZU6ePlWe,66
2wY79sveU1sp5g7SokKOiI,85
2z9t3WN36SjotkNmZHcYR9,19
2zFZiWQJFFshzojycnXoTL,55
2zWqENF4cnsd1nLmraG9IE,65
2zhOVmp1pHxMUZuA68Xdvb,27
30FDJPN3RtwJZ20g5YGCRX,54
30IONe5gqXy6MXSNHVCCYP,48
30WmJkQ2BeBNgb27jhf11u,37
30bCJGAVNB4s6UkQy8a87a,35
30qXkHd2Thmw1wqJvgRa7o,41
30rNCtpbgMaznRM9h8jlLv,42
31BRzHwH9Ayqp5AbRDk9kO,9
31IZdHrCZ5pRhLz4zBxN3o,51
31TPClRtHm23RisEBtV3X7,79
31W5EY0aAly4Qieq6OFu6I,82
31Y1VAiFz5OJFSwmvJN41W,0
31doejENzNckcbU7CUrUs0,38
31i11xjYdkhOySZC9L2JPO,23
31iE2to8f8kVbvZMCtrlAI,28
31ijgiurmIPTNojkYQXdnl,60
329e4yvIujISKGKz1BZZbO,83
32YoJWeZK5i90eBmNp7OPD,0
32kpqlIoBia4b1OmdLyGgI,20
33ScadVnbm2X8kkUqOkC6Z,82
347bV3K932TJj9sGZnDQ6q,16
34MU1Jw3b9zCxie9q4rRGU,1
34Q1USAO0pv4gNxcnOKNav,35
34Y0ldeyUv7jBvukWOGASO,58
34ZgtjHC9aNCr5ZTUs7bzx,53
34oIEn0q0DzrfjaZCVxyQN,20
357dDcxIE2hkKGn03PClIF,52
35hdnctklAphlKzgR8aHpq,35
35pKZ36ma78w8aE467fRO9,51
360IAlyVv4PCEVjgyMZrxK,80
36LyT1cMYz3pXr4cvsfNw7,38
36cIRruPdUPW82OmPWVUQ7,23
36wTpVv0BiK8Ye67uOkTwn,26
378dH6EszOLFShpRzAQkVM,63
37D1KGtq2dx0DEzDJZjJ6A,29
37GUqxafAvAKGMZbXCUnmr,59
37hAfseJWi0G3Scife12Il,66
38KfCZGlEjHIJDKDwH132d,36
38wxcfNEqMwuPniHvplin5,68
38xvPrs6zsTJuHmP7lsXRt,28
39TbnKnrUlYKN567GoswkF,5
39bksdYL6FJ0AB9BKI0SiM,21
3AA28KZvwAUcZuOKwyblJQ,80
3ADyFy1orEwODaiHmRRMQp,55
3AJGLfQkhqWcrLi96938Iq,8
3AQRLZ9PuTAozP28Skbq8V,73
3AVfmawzu83sp94QW7CEGm,67
3AXI2Qfty5IVrmtQzi8weo,50
3Ao6gAvkCZUtj4ALBjNmXV,34
3B9O5mYYw89fFXkwKh7jCS,58
3BBCgZVbXFRzcnT1ewVfRt,58
3BbPRvYQ0M9SFmhkHXozLm,42
3BdpcQRF27n7ZNSL386mNU,37
3CLzGEm4DCOh5ouaMm6mZs,41
3CQIn7N5CuRDP8wEI7FiDA,61
3CsPkfnUXURt6CSxdARxJj,2
3D0zhTM6PdPnRlI62mOiiC,24
3DKkhRCGOG4e8IUPYFPfWs,48
3E61SnNA9oqKP7hI0K3vZv,49
3E6DBHJxaEwHKcVnotfkhU,7
3E6xrwgnVfYCrCs0ePERDz,76
3ED1AG2E67Epo3MBFVOFj9,32
3EHPofjvUuaZoinq8kekJQ,0
3Elp2e4JVkT08bnUbE1AZw,34
3FLUBwpAnaIlIKeaBfsxFe,56
3FSl8J1JjlhocB9mFyZFIE,0
3FTvzBdLVG3n1Knrza3zpQ,27
3Fdm9TFJQCLmC3AWMuGExi,51
3FhdIGOVc8Bpq7ECYf38MM,9
3Fl1V19tmjt57oBdxXKAjJ,68
3FwNjtXQCdxpDOXmgJQGnG,48
3FyNBN3DLUkQ2WEi1vcyDl,26
3GBPw9NK25X1Wt2OUvOwY3,76
3GViqleny7XZGug7Ym2Fjk,44
3GlDGYz9LvnYbHMUQcpnyu,0
3Gm5F95VdRxW3mqCn8RPBJ,73
3GsIlcwgQDJVjHD82mbA0Z,39
3GwGE5FARDfc51Y0XVbG1z,25
3GxKJzJK4LpsYGXQrw77wz,68
3HphLd0XiELTvIPYf55dYC,72
3ICo3DF8pXFJEdzph2b6gh,31
3ID2V4b0oGSEbwPENAsdbG,0
3IE9OtMFMZFj8CEgflFlPw,35
3IJ21966TwNZI24MwZHMu4,69
3IQWn6L1It2U2Eq1IvXiZe,38
3ISv345HfAIammuK1pVV9d,17
3Isy6kedDrgPYoTS1dazA9,81
3J84KNygFFEW38l9nRpg51,40
3JDG63cSaK3xgDnB2H55Xp,51
3JG79Z23wJN9Q5PTPpDAEV,46
3Je8tRazTtqZxGkbeJDGL8,58
3JhNCzhSMTxs9WLGJJxWOY,78
3Jx0IZhtmyvcyoZLKELRH2,24
3Jy86CVPHDVN858HitaK1N,44
3K2zB87GZv1krx031en5VA,62
3KNIG74xSTc3dj0TRy7pGX,66
3KV3p5EY4AvKxOlhGHORLg,73
3KovZIDNYgQY8chiNZo2ZF,56
3L8tjDceNpXHCoKoLStDuh,17
3LVYHgfHgCTy3QSRt5kKQg,46
3Lm6KZ2WWaRdUNneczEhp5,28
3Ly8yKs8JYWtEURid2w3Mw,34
3M3lS3eV7nYS5bxwhMTSqb,18
3M3wTTCDwicRubwMyHyEDy,57
3M6M2H6WjUQyhp4i6f1BrQ,1
3MHaV05u0io8fQbZ2XPtlC,75
3MNRl7HX8LItpUynecii15,24
3MZsBdqDrRTJihTHQrO6Dq,81
3MdXrJWsbVzdn6fe5JYkSQ,71
3MwmjpfJvIoCarmc1eehbu,40
3N4FiTxpPQRsrihmTMN349,56
3NPpFNZtSTHheNBaWC82rB,72
3NcPjvA2rp9FPj1JBAXwOS,53
3Nrfpe0tUJi4K4DXYWgMUX,89
3O2VB8Z89cr47G7S35brKY,11
3O5HD95HTEPgoPFOjAb7yV,51
3ONmBYM261icTRuD38N9vS,34
3OQAZbfBVV3lDWGLbuHpRM,21
3OSgdAn71VXZTRHjkogZc5,8
3OexsqL65OHjNt8oeFn0fN,40
3Oim8XBPbznAa8Jj8QzNc8,71
3PDFGpPl4ienSn5Vwisfrh,68
3PWp9R5HvbQgxI5KBx5kVd,60
3PlRvQnVE3XAbtHUNc4nic,51
3PyJHH2wyfQK3WZrk9rpmP,70
3Q7Je4ZC1fQXY3wBZ5BqR5,16
3QJUFtGBGL05vo0kCJZsmT,64
3QLIkT4rD2FMusaqmkepbq,62
3QSQFmccmX81fWCUSPTS7y,75
3ReVTyprRfKmKquryr9UeA,44
3Rx4PJ7SP6unkOk5elPUK7,67
3S4Gtn6kOGPcXztkpy0s9A,16
3SAFkB7Hc8yqNXj9TApuGp,26
3SB8QuuxVULg4nFHoWJ5vj,25
3ScY9CQxNLQei8Umvpx5g6,67
3Sxg6GDfRVpNMNaFN5EfcE,10
3TCejocv0RxnHgREJjltMm,0
3TT4DoOUqqtvMihcXYqowJ,30
3TVXtAsR1Inumwj472S9r4,95
3Tk1foMYTxY3UrltXs9tIY,36
3Tv1UzQAvn0v0hKTxisXnR,58
3U7bOaJLuFkrmDQ1C1OqKl,47
3UD8eKuUv97BAcp28iYoSH,30
3UQp19LiNZeaMJx97j9OlX,0
3UV0wVQkft6lKLDGioqnyO,57
3UjDMSVNR2EjvH9Xo3XwBx,0
3V0ZQW0dNuVaFtbVYgSI24,60
3VFIf5Tn1WYGKodgtyVwjL,28
3VWII9MTZSfIdOXr1DafzL,40
3VhKwjUzCzgIJAzpjMBXmQ,54
3W5hlKkJKXp7xY7R7IYfxp,33
3WGpXCj9YhhfX11TToZcXP,74
3WSK3JppX3N41XHVwQp7Gt,63
3WYkULuwVr6K98AQ2s3SYt,40
3Wb1mXnd1hXkGwys5m54YC,55
3WkuhxBrDoWfAEUVpMFvsP,0
3XHO7cRUPCLOr6jwp8vsx5,70
3XVpDdKav6C6zwlDXPhMEO,52
3XcCT5MPlQPWFTJyzXbfuX,59
3XxNRirzbjfLdDli06zMaB,71
3Y2MLcrD3ZQXRXmtn4fZQx,55
3Y7RZ31TRPVadSFVy1o8os,75
3YJDqtTSjydvUpTvU1fJ6O,64
3YO2a6i2cfdFbgxk2HDfPe,45
3YREjoako6j54IGPGjFcTk,0
3ZHU5AKrUmIPnCFfr82QER,71
3ZNd0An8dsI2B8nNtHGhXS,14
3a0xHIHQPhhzgSOJzgB2Rz,26
3aQeKQSyrW4qWr35idm0cy,77
3aRblTFhoT2Jwnw3Hr2Zhk,16
3bBb1wCpTPxl3KRfb2UbJb,30
3bV5PFRfgmYqsOZv9pb2z6,25
3bmFPbLMiLxtR9tFrTcKcP,58
3cXtMPyjj49G5dfZiO7W7Q,21
3chqU15yLP7B3XRQpILQY2,48
3cm6Zb6gWgbshGkhl1xHYd,34
3crnzLy8R4lVwaigKEOz7V,67
3cwuv0AjI1Fjg207lf6zan,9
3dQMGfODIABnUy8kNFXBim,26
3dRfiJ2650SZu6GbydcHNb,70
3dTzeO0QCd86cXSgQ04Y3r,49
3ddoKvWVNLOKA3Nq54n5Nk,0
3dpG6M91e9gkMArlQ5hSha,28
3dwVndIdsi5UVhJjFstRUX,49
3dz0NnIZhtKKeXZxLOxCam,62
3e0qnoBrNHH67wQrY7XbWn,0
3e7awlrlDSwF3iM0WBjGMp,75
3eEJnQZUZcQDjJLkBiqQMd,35
3eNYrVLcWfjJ9JdH9kiPJO,60
3fMbdgg4jU18AjLCKBhRSm,82
3fll16LLw6kdDxWzSpJPEQ,46
3fyhhXHbGVLuSHFk2SYx4I,43
3gGUMEwIX6XodWsYEvKSal,63
3gIRvgZssIb9aiirIg0nI3,71
3gIWD9hK0VEhgsSrLu19PU,56
3gaZ43k5OdXj0PmN0xPHpb,10
3gd8FJtBJtkRxdfbTu19U2,72
3gk0OYeLFWYupGFRHqLSR7,62
3hBRW2kP8Bh2jHSxj8PrcN,3
3hTHBCmJKr6UIooe5a5o7m,41
3htJBdRyfwyCTKgpZAj6pY,42
3iNL7rw7fpmysjZvhB8vi7,57
3ipn9JLAPI5GUEo4y4jcoi,76
3ivDFy7UfjLbyIGzepJ5hJ,45
3iw7qeDiWDu3nmXovY1EVS,11
3jAZsSIIA8HLjxR99biJyx,46
3jK9MiCrA42lLAdMGUZpwa,78
3jO7uMLDPJngUhguQlaDFP,42
3jOstUTkEu2JkjvRdBA5Gu,73
3jeXY6LJU0ZiKhXoXa9rRw,49
3jksrX4oBklxR78ft8gv3j,62
3jptlmYWQI2kY9pKWNw7iv,38
3jrmYWBTAvWdfmHpdkLIsb,0
3kVUvbeRdcrqQ3oHk5hPdx,64
3klZnJvYGIbWritVwQD434,67
3kmXbS3akWikVvZNGpYEvu,42
3l0CmX0FuQjFxr8SK7Vqag,76
3lFMRWaEWZlfXdBig97kks,55
3lIU3RoZiHen1QXAQ3KQ9e,74
3loTvAld5Tpk5aSNbboGpj,67
3lxXfdGXe8k188bUZgKqgF,41
3mH3OBKopDDVgnJcT5PrPk,50
3mPc8WGusz2XF3Tvs3AKCR,49
3n6wgt7LmxAnT0XOHleQcP,30
3nEYSiH8DwMKTgOSGbD0SZ,34
3nFkdlSjzX9mRTtwJOzDYB,84
3oCVutdFfZrHovIQia7n8B,31
3oSJ7TBVCWMDMiYjXNiCKE,75
3oa1ydh8eLVXesBUwIfBWQ,38
3ozF8iFAzukd7ZyWuPDOKd,28
3p5t76xrAulX3h6NPcJY8R,0
3pAtVSFUcp2b8gY93G0y6u,31
3pCoHlohSNQdXBNDxuWd12,49
3pc0bOVB5whxmD50W79wwO,78
3pgWYjWRZCFgIfywQq9IhQ,11
3ptQC4nwq1SuOFiSOSBLj3,28
3pvc2tagjnl9pGIi6BBfIS,42
3q7HBObVc0L8jNeTe5Gofh,83
3q7isf09BuwXLyR2khBs60,47
3r0NbTTxtCBUyxcIR4prXr,48
3r17AfJCCUqC9Lf0OAc73G,69
3rBDuz8CHr8H6Hw0x2XkcX,9
3rOUqXoXvj076NbLbV2OMU,0
3rWZHrfrsPBxVy692yAIxF,72
3rk7BlsrrfVUCjKEvpr4qN,0
3rna58YvQevkoDZkvG8BCo,37
3rqKgkODmiyDdimpz5D3y1,56
3s5Cw0mnjtGwGyJTI98Np4,21
3sIalaTfShc1biZjHCCVkv,50
3t5xRXzsuZmMDkQzgOX35S,79
3tGaIItkuhMdY9CRSyleW0,20
3tJoFztHeIJkJWMrx0td2f,77
3tLvKk2N4IGhT3aZceW2Hy,50
3tQx1LPXbsYjE9VwN1Peaa,60
3tVQdUvClmAT7URs9V3rsp,77
3tW3ud6mjS7C5LrPLkIHfz,39
3tZ0L4lq5uQ0hGtxLu7ZrU,28
3tlXnStJ1fFhdScmQeLpuG,82
3u45rXhQ0o9pUL24xlnf6e,42
3u579Gdap91lMptBSdXTpf,51
3uEVTqR7hBxF8j0HEqiAwy,0
3uJx5SnOM59Li7lCxA3b29,58
3uzAP6AoXig3bDIAzCBJo9,2
3v5HBVyjlmrJu6JNCpAXqR,34
3vDh2Mern1I2k53Oy0pDlD,51
3wVXTWabe3viT0jF7DfjOL,60
3wbCeEPAW6po7J46netxMT,59
3wigq7ogMWIk2GhsT7BJC5,38
3x3bmgimj8MEJxHdPMktY4,0
3xYsfnJWFJG6Fmf3vWgK23,30
3xbpJdoJDLAfYn3ZeLlukg,56
3xslhIqPZexnRRNQuYk50a,12
3y24n3XhZ96wgwRXjvS17T,69
3yJnBqAoRUNeDabdYoiYWD,51
3yRNoZZuzU5TC7uwOxd7cL,29
3ybZTNrlK0QhL4rBxfLHOc,52
3ycxRkcZ67ALN3GQJ57Vig,70
3yzRiNMZdTsSUgplcyYZ4i,59
3zXefhSXvdPat7oeahOXJI,33
3zXtPNCNWggzI962k6qxF1,28
3zYU33YUxJPzsPrYmpMMiu,42
3zapR5nlQJViW68imqxoeB,36
3zaxUd86U92CdZkNa6NUo9,54
41I5xI04kixwmonDBl0Sda,52
41MozSoPIsD1dJM0CLPjZF,85
41X1TR6hrK8Q2ZCpp2EqCz,72
41ghtjgWs8kDo8T3OjW87t,8
41klVmDluQZmGGqoidNfbe,52
41qil2VaGbD194gaEcmmyx,67
42B9DTebl5hGaeMptTxtNL,1
431Pb5EV8KsCBGTw96ZTQ4,41
43BqexhEx5NKF7VfeOYP9m,16
43CiK1548VVp2DT95joswS,36
43DRDu6nLSeIedZ7T1A616,70
43qldec1Cybfp0CRUxZIpE,30
44PA0rCQXikgOWbfY7Fq7m,62
454dNdHX9g5srLyya64MaN,45
45GqSja1kI92nc4BKJa9qz,22
45TgXXqMDdF8BkjA83OM7z,77
45dkTj5sMRSjrmBSBeiHym,78
45yEuthJ9yq1rNXAOpBnqM,62
45yGADm0D2Kf9SWjZZDXR7,9
45zG0EWGRpQw5VfXUXHXYW,25
46GXASE9LHzyssNqKOInUu,49
46HzS7yz0c9udVwtbHk1sx,68
46SHBwWsqBkxI7EeeBEQG7,84
46fHMu9KxdQwcGV9xI1L9R,58
46gyXjRIvN1NL1eCB8GBxo,70
46lnlnlU0dXTDpoAUmH6Qx,59
46wEUZyujVrFSrdCnTKQmV,59
47BEc2RoW53owMyxacXWdV,61
47SKKz21c5Zd3Fh8u8pMvP,49
47Y9hBWUVAsgTELeIv5ROJ,7
47yRnoOUz46ZKr9W3mKn5Z,51
480Vkbuf6I0nUfu8boPArQ,23
48QpIkzC2yRCUCvNvOVZqD,52
48R2gYdPKtfnfKAzhSVPUx,71
48YpLxYeeTr5xX9zoR6ts4,34
48vmXfV0QPy3ljXBp81Fwn,63
496DwthDgbHUwWycngajrJ,50
49CE2ffZ6Z3zeYSDauSKck,67
49FdObF7CNlFtyAv0i6FBz,10
49TRFSaTBg8gaIIh6Gg33m,25
49YbNTLaaAbZHLtDI2aPGL,59
49mHZzhcsoQB1JXWv8Q9gU,48
4AA474G2hRfrHyGrfyDseO,64
4AKwRarlmsUlLjIwt38NLw,71
4AVFqumd2ogHFlRbKIjp1t,75
4AllEJE7mVkhhyUV6DjqPz,48
4AvwdY7LTgEtkxMMm66Vfe,24
4BH2S4t8fh9YqRIXnEEDEN,13
4BbsSamQy6XSByO4O4Nymt,42
4BoRxUdrcgbbq1rxJvvhg9,67
4DAcJXcjX0zlQAZAPAx4Zb,70
4DMkrFIqGXLycc4YLYTn1i,43
4DdkRBBYG6Yk9Ka8tdJ9BW,78
4E2mcF7o56rV3Z5OxHShum,0
4E2rKHVDssGJm2SCDOMMJB,69
4EPyKMgsR7JDuW9tL0AYZP,37
4ETSs924pXMzjIeD6E9b4u,68
4Ee1FOaqfQFK1uE770i7D5,15
4EqrcmIvzNaisM7z775lyE,27
4EzkuveR9pLvDVFNx6foYD,70
4FDj6mh458K7m9Txwyj2rt,66
4FcZfItjVIsfO9TynErl7X,64
4FeLiFUPdxVfFo8oOfA4BH,53
4GNC7GD6oZMSxPGyXy4MNB,83
4GXaD22ylT1kqKkXMizvy4,19
4Ga1P7PMIsmqEZqhYZQgDo,77
4Gso3d4CscCijv0lmajZWs,83
4GvEc3ANtPPjt1ZJllr5Zl,71
4H4L1o3ePcV0RP4WZDWssE,20
4HAfqyKr4Sqtab6ttHWXgE,56
4HHpl76SWjPMEneKIvJeg8,20
4Hk8SibA8GQbfSHb85FU1L,9
4HuiF105IzzXxZrcNRMqux,27
4IJczjB0fJ04gs4uvP0Fli,68
4IMAo2UQchVFyPH24PAjUs,70
4IWBUUAFIplrNtaOHcJPRM,81
4J3wzDMI97AlGimdiVcaLb,57
4JreHVYyb6GqE2BU03Kx96,52
4K9aclpXgCPNFGEqRlFPal,44
4KKEvADkhfVx3BpYJyezZr,34
4KXTUUytwGCyfH4aOAd4vB,36
4KkHjCe8ouh8C2P9LPoD4F,53
4Kxlr1PRlDKEB0ekOCyHgX,65
4L0gz16xuM1as1OgYzh1SR,58
4LLpKhyESsyAXpc4laK94U,83
4MCBfE4596Uoi2O4DtmEMz,88
4MIULe6tfg2loNzBy5B9eu,45
4MVAkLAHeIy5ZmDgonbn70,28
4MfMoxxIjmWNJm1Strguyd,1
4MkgNYzcMsxS2GASb382Sv,0
4Mop3hBjHoSoKwwkzKD3Gi,34
4NEThNYJ3WyNcJWcmpjq88,57
4NHQUGzhtTLFvgF5SZesLK,74
4NbGqNMygAp5vLwS9lQJng,28
4Nl6PVYLwbCFfr3UqQlFtE,49
4NqH3V7GS0Igs1VyGMXEi8,44
4O15NlyKLIASxsJ0PrXPfz,86
4OPcFlpCFWYdoZJuPfMOb9,3
4OdN9dkhoV89itJ4GIChBL,32
4OyfJQbeMadW8upNULEBoK,46
4PINIuQ6zcjifa1Nw3btfR,25
4PSMGgQLpEIIeFJIpy8kT5,36
4PfKPdq8QEgcerLwGApWIp,56
4Pw979OeQublQjHdnNb5Mk,41
4Q6nIcaBED8qUel8bBx6Cr,74
4QTVePrFu1xuGM9K0kNXkk,61
4Qt4osuhqHKfSfpB31r4qN,45
4QvgGvpgzgyUOo8Yp8LDm9,73
4RBsjmacRrACcvfkngGFEc,0
4RPg75BaMIfyBb94V8HqCw,47
4RguKaIgVQ9Iep7mYAJ6J4,33
4RzbexUO843fc5SLqKEQCr,61
4SoF1XBWjLKLBGe6j1hhBo,25
4T8NIfZmVY6TJFqVzN6X49,61
4TNb6OInXahdseLnzAY1eL,62
4Tjvp7fDrim8wlo9fDgqGx,39
4UT0p3ljEiD472lZp44KLH,70
4UXJsSlnKd7ltsrHebV79Q,62
4Uc8Dsxct0oMqx0P6i60ea,79
4V2pR2iSd1g0RZCglrP3jn,60
4V8LLVI7PbaPR0K2TGSxFF,87
4VMYDCV2IEDYJArk749S6m,87
4VVEpEhC8NcR7AqNEds42U,64
4VhL8KLjVso4vLfOLVViTb,59
4VkqlQl3hGhxjchI34xp2V,43
4Ws2otunReOa6BbwxxpCt6,65
4Ws5zFS1keQh8yfCbYhW7A,35
4WsNup6PgOM2MedSclPPL0,0
4X8TR9pBFyewFlIDYt1o2s,51
4XX9YjNQrHTZfZz3DCX6DP,52
4Xew6cotzgXZMLHT2UpTMV,15
4XgWAOxOyEes5P475qx9u5,28
4XiX7KZd1SjFw12ENN0EUD,3
4YXALIWylKykACPOgzUsql,0
4YXycRbyyAE0wozTk7QMEq,65
4YwJiCnQ2wryUcJipYH05I,24
4Yz6rDZcx8W4BycGweekah,38
4Z4afeDmHFxPmJorIwupbZ,52
4Z8VUcNZQ0XzPpk8A9rvku,31
4ZJj8sukCck2SZZQqlof8r,26
4ZYZ9HDwHXvailDhumTDut,0
4Zx0k0q7qvuaFImtyKWwxn,0
4b19vuzlDcNdU4quI7L6sW,55
4b8wYiM9ldSoJR6J2b82y1,31
4b9yaY7YSdWtDb5h7OpuMx,10
4bGPjihFEUsxf9LPn1epOv,58
4bw2Am3p9ji3mYsXNXtQcd,76
4c4TlVWGSvRk1mBfZdYsnX,46
4cXLEhsZ1W4T6qBiDYVih4,38
4cdyqaBREB68H77QKCrKP1,67
4cxJUMXdHetYoijH951DRV,36
4cxLZekmoBwtIajEfv4avG,32
4d3yvTptO48nOYTPBcPFZC,67
4d8dVaN19U8R3fpxswfpT5,3
4dM6NDYSfLcspt8GLoT5aE,68
4dpARuHxo51G3z768sgnrY,85
4dw1gYD42SHeDoxl7SKDhS,33
4eBpDFy2KAr4aMf0sqwRli,4
4eYnorQRhVHT2KBl2UyHHd,65
4ehtJnVumNf6xzSCDk8aLB,66
4en2ObzSYlIYbCGknXjgG9,51
4entyF7OCaoqs4m1tSUeEo,14
4f5zdY3lMGvbERmZ8gvVQr,0
4f9arf6M35xClAgxF9IGU6,1
4frIPWBfpZWw7REcjGAkJF,54
4frXpPxQQZwbCu3eTGnZEw,73
4fxd5Ee7UefO4CUXgwJ7IP,78
4g0bW7MGtjO54dTsUW6MHy,12
4gSsv9FQDyXx0GUkZYha7v,55
4gvjmrtzydbMpyJaXUtwvP,36
4gwpcMTbLWtBUlOijbVpuu,66
4gzpq5DPGxSnKTe4SA8HAU,89
4h1NpgpONZMVH8Gc8QPIEW,40
4hV3aU0WKvFaiX5ugXP5hp,59
4hWzbhpeYBcpqFEHdvlAsO,13
4hbnUamwrCHpv4wQTwvCIc,47
4hsVMOWHuptQXh34KCOEsi,16
4iDroUFo89Y7YBsdDTBmTD,64
4iHNK0tOyZPYnBU7nGAgpQ,77
4iN7npIRjlGTe2ueM2QRlQ,25
4isewEHTP7Az2QheDdBQ6J,53
4jLCv8vr9WwfsI74hZ7kI1,0
4jpsw9CQS439N0B7SecMgf,48
4kAE4mhtxB8P57pxAgWWVM,0
4kYSro6naA4h99UJvo89HB,80
4lPl9gqgox3JDiaJ1yklKh,59
4lqgnM7106Fmg20NEu4OAH,48
4mHAu7NX2UNsnGXjviBD9e,57
4mQxvrtY2MbDuUXAhMg5pp,47
4mkCUH10teB1zbDohwQM8R,26
4mncDFjVLUa3s025Tct3Ry,64
4mrBetqy378Jf1y6NLszlx,65
4n3jHjXr9KNwbOVSWEfXRV,0
4n7LqAJhu3k6rrKMu3VfDa,50
4n85VQF9boZ6i3WQlKbCY4,0
4n8RkDfroHNcRfouEvlBmQ,0
4nDoRrQiYLoBzwC5BhVJzF,81
4nGp682WMiKS4X217kPw8C,64
4npEfmQ6YuiwW1GpUmaq3F,79
4o4tLTIJ3eWMFerz73atcT,57
4oE7f7lNFkh0EbEZWEawBF,50
4obzFoKoKRHIphyHzJ35G3,81
4ofCBoyEiGSePFAG500xev,69
4p75GTNEXwsAAkpweMVtKo,47
4pADjHPWyrlAF0FA7joK2H,65
4pc5r183mYvIzGyFv2S0hO,46
4psozRvxjEJEOANLHTwA7J,52
4q3ewBCX7sLwd24euuV69X,97
4qBgvVog0wzW75IQ48mU7v,63
4qFxP3qN9GsnZDOkAE6x2m,65
4qIVPF0s71ZYW3qzhu5GkF,67
4qUDi25koBiqMb7uhHEOHk,51
4qWnlmXWuGv2TtuxtIWlJX,65
4qXC0i02bSFstECuXP2ZpL,70
4r63FhuTkUYltbVAg5TQnk,81
4rF7c8zpCKzuSXohs2HIpA,69
4rTv3Ejc7hKMtmoBOK1B4T,68
4ri7eLpPVlGqwclssOyJDM,33
4riOEaOW5hCeqomFDBk0aP,64
4rz7MkjBmFsmsnhKqHC2Xw,46
4sEykiNSzZbkFkNXTb1bVd,41
4sMPx4jHZiz0t9UgPsCnoF,0
4sTQVOfp9vEMCemLw50sbu,72
4slXciON4jYY6mqE9LjSFx,55
4sw5s8BqMsNkOSZtNgACKv,39
4tMm1dU6Gn04VAZ9ClHcIZ,67
4tRPqgX3juTWsUjhzV52fj,11
4tZwfgrHOc3mvqYlEYSvVi,82
4uyIwcaJgV9ShErevnVlNp,36
4v1IssGK0vWAyG0eK1aY21,40
4vdt8TD56jjQfmxFCmhubX,51
4vpyhxUwCcfGMU7b69pzON,28
4vxaQs6vK54nK89J1VtLex,59
4wGT7z6uSZfL2KdmUtG8d6,30
4x1nvY2FN8jxqAFA0DA02H,69
4xSQ9zt3zGyyiCXazv4mhf,46
4xcDVatLFh6qlcm41er3LV,60
4xgFgBZ7CRtgtHcziClOwQ,55
4xtWjIlVuZwTCeqVAsgEXy,65
4xwCTY3wjuquh32BQlhbxY,0
4yiQZ8tQPux8cPriYMWUFP,72
4yvcSjfu4PC0CYQyLy4wSq,76
504mCgCZnH442hfS8807Dg,0
50a7MZkLrrihutpNAX4pRL,26
50co4Is1HCEo8bhOyUWKpn,84
50kceDjknh0CjwOko7kx7V,38
51nD3wLfAStpVcwdwchHu5,26
51t8iNAfrqHtmBjXy7BkWx,4
523y9KSneKh6APd1hKxLuF,61
526TMJFuJibm9j2p9td9Yp,56
52gTrzyF0DyfkFl1DQz9Oq,47
5344K3N7rx7kw1HjO8psuq,70
53KwLdlmrlCelAZMaLVZqU,68
53PnP2ELbN4kAXfsjQzl6A,35
53XhwfbYqKCa1cC15pYq2q,87
53ZTq0HA8Ay02PiMs4e4Sq,40
53dPePMlci6GqJXISlntSK,44
53kxfycKPtWuSFpIuEHlGi,43
53qa1XIZ6pZuhrGDetCGew,31
54CixfaGAPcjkP7Dx5PjvV,50
54R6Y0I7jGUCveDTtI21nb,70
552jNI1kUtB1FPRZFliQxc,44
55Aa2cqylxrFIXC767Z865,85
55OzuHxRarLnJR84UCnjdV,36
55ZKRn4w3oNhBMV7sgG1PP,41
55fhWPvDiMpLnE4ZzNXZyW,71
56ZTgzPBDge0OvCGgMO3OY,72
56fQ8t9J10OpdtJkCzPRDg,6
56mfhUDKa1vec6rSLZV5Eg,61
56oDRnqbIiwx4mymNEv7dS,77
56wQ7KtIyMDpBLHSbh7BjN,26
57DlMWmbVIf2ssJ8QBpBau,71
57GHC729HxFYHl1vGe1qaX,41
57LYzLEk2LcFghVwuWbcuS,80
57WHJIHrjOE3iAxpihhMnp,69
57n1OF36WvtOeATY6WQ6iw,66
57vWImR43h4CaDao012Ofp,81
58UPAlQ4MRWEDLhfdP4VcN,53
58imfUscPVwuhuHt1MpBDA,53
58zzaIQ8XVObJml8da0b2e,45
59WHbFutFDJyaUAcwYd1kh,45
59XQUEHhy5830QsAsmhe2M,57
59d7SdvkSXhrqrPUKF7WYM,44
59motq6sL51Qqx9KE29oJg,40
59yXrGCV80MnKkbxBP8nZ9,31
5AK2gJtEA2SWI9lBywSZjN,38
5BEGUGWpPDPKXCgqubqnLB,52
5BcAKTbp20cv7tC5VqPFoC,74
5Berubt6ysOy2LCMyqhmXP,56
5BkHauWjH56gTHp4gk2EBf,7
5BvJzeQpmsdsFp4HGUYUEx,66
5CROBjCskHMjRlerJor7Gx,66
5ChF3i92IPZHduM7jN3dpg,64
5CiGnKThu5ctn9pBxv7DGa,72
5D3muNJhYYunbRkh3FKgX0,63
5DD5GZd4ElmQTy9NleMvKJ,53
5DfLOANcWMxdeenpJ6Ksd2,36
5EKRIE9OkMU5e5l5kbWAQa,15
5EM6xJN2QNk0cL7EEm9HR9,56
5ENS85nZShljwNgg4wFD7D,73
5EvFsr3kj42KNv97ZEnqij,73
5F1aAS1duwlzExnPs3l2Xe,69
5FhcqamaRFfpZb4VHV47fu,60
5GI3Wgnlj2ezKEoxFv6hNL,19
5GdspZ491zr64zzwVJJjJZ,42
5HIZU0JzM0AgfItVOm4E08,51
5HJUfIMq0X1ZoVNeJhLhAl,31
5I6WLC9Auo6aeTRHPQbdOv,55
5IFCkqu9J6xdWeYMk5I889,64
5ILrArfIV0tMURcHJN8Q07,62
5INjqkS1o8h1imAzPqGZBb,80
5IUvXYeMtVmp8YJWf0eqvf,42
5IbEL2xjRtKsunfmsahLuO,70
5IcR3N7QB1j6KBL8eImZ8m,72
5IzVaOvAEIPpFK8r3ajj7J,23
5JQ1XqKJ2Art01rF4tu1Ra,39
5JsWnBCP9STx8ooAbgDspa,0
5K4W6rqBFWDnAN6FQUkS6x,90
5KNNVgR6LBIABRIomyCwKJ,74
5KYEMMz9O9iLIESifKAEOp,46
5KbHk9IwiIF0fdu1AOJx29,26
5KdkevZRYudsUtmTgMkcVw,12
5Kmr0b3ip8g9P2i0dLTC3Z,63
5KyeasrmkYjZRF0Hs8PQZC,1
5L8p9kDnX2cgoI8VLUL2p4,45
5LHRHt1k9lMyONurDHEdrp,80
5LPinCDOU4eJhPfqer8IvE,0
5MIXBzwGNeUeFAS0o3XBXL,50
5MOWxZWdW3Hi4IPyyRrRTi,45
5MeLi8GYbrPCoYWQM1ZRyi,6
5N8lMhIyJ5Qtasb02tmK47,33
5N9mXRQoidjsUWjowibwqw,38
5NPB2nXfHXfBAHktidk9mt,1
5NgQo5enpKJsf6ohQedD6b,47
5NqQvTp9nZcQgLQQEMpoJF,9
5NyCIBCeU080ynEj33S4hC,49
5OdVywqKqyCWwfE2fZb7IX,57
5P0GIWEMbEGm1Gzp6Yobt1,2
5P2rwRBgIN450RaJxdjYdA,60
5P46zciG5gm8IALoKTLYGb,44
5PZS7XY3NZHDnI6g3wGyAB,49
5PjekOABtfU2Kwo0AHVmci,58
5PlfkPxwCpRRWQJBxCa0By,68
5PoQbQpAqs29uohdM1TwBc,26
5Q0U6ogBrMX2oxmxy5OTzU,41
5QEfcYQqxs4AbkbSCT95To,15
5QKKtcse45h0PZBwjDGZqz,11
5Qi4Bb7a8C0a00NZcA77L0,65
5R3Hr2cnCCjt220Jmt2xLf,65
5RJRvrfhJHpeiTRbIg1wAx,24
5Rl15oVamLq7FbSb0NNBNy,77
5SKKmrCayBdpFX1A7l42Cw,34
5SXuuuRpukkTvsLuUknva1,78
5SZUMeZ1O9tcgkSkkx1dFy,54
5T0MSzX9RC5NA6gAI6irSn,66
5TLldRzO16khcP3zwBsBB6,44
5TNFF5tGBXXS8iV363IEbR,20
5TaPyTWaxRQCezoHRayhpX,21
5TbLOwv8BNnik3f03NZJlt,56
5U4qm8RY5S2oWSSoCyVnGY,23
5UFWdAKsTs2o6gwSyBXxS2,31
5UN0rzL594mWY2RbOtZqIN,61
5UUdxfBMwm0hLlLgnZtBFv,64
5UjifI1TYefXWn9GdqDOHl,64
5UyRaawCsdiVrro0WWgIVB,41
5VS13SSoZXRProMtUjY5dr,38
5VZn4mB8pS40aE0kujdX2Y,43
5VpjI7FmgztBAlrqLOhsTY,1
5WUlDfRSoLAfcVSX1WnrxN,83
5WnlPOcTodnSWDtjnrjmzv,45
5X4LWwbUFNzPkEas04uU82,63
5XBb04uBpKPWPWC2jXgGqb,52
5XenQ7XfcvQdfIbpLEFaKQ,65
5Y3LAQBJps65m6FDjYimC4,51
5Y5TRrQiqgUO4S36tzjIRZ,77
5YGY8feqx7naU7z4HrwZM6,88
5YWCISv1Tkhx9fUlp10w46,37
5YhIwffGbYS2i1ISnM6lJo,28
5ZMQtVPJVvKLkM8fPjYwdP,0
5ZS223C6JyBfXasXxrRqOk,77
5ZZNKEW4uDTbl50KmgeXgy,32
5ZcXM1KFH6hhLoBIdgCnap,55
5ZsFI1h6hIdQRw2ti0hz81,75
5aAe7DHdSJgTpBijaxTUaf,42
5aKH6yc3RNOhGvzwoL4UN5,13
5aWQFWWhzp922qrrJIAwUY,32
5aaYmOKQc6tyyyitvrjJNE,43
5aizOVB0aFinBgezLPkhnm,40
5aquJZfDS2FWzG39lXbEN8,27
5axL0ZOVAodXZEI6SkNmv6,25
5b9mQI0YDMVf7zDrlxES5H,25
5bHicu5GncBzOsjUFsooLK,35
5bT8zz9XjbOtDryVd3wRGw,35
5bgfj5zUoWpyeVatGDjn6H,60
5cPFz5IHZH7LE8h2DOuhDA,44
5cj0lLjcoR7YOSnhnX0Po5,85
5ckLAJoL5qIlVsrlrEsXg8,20
5ct2WFb5gFMXAntFsAwA0y,20
5dCHZZCETvtgvg88AYg13g,47
5dGsIOepO9ufQlXjW8KrPL,61
5dHt1vcEm9qb8fCyLcB3HL,72
5dLfdoRqimRnbTC19bdbRD,57
5dYGaoCO0iaUZKfl9K8Gtd,59
5deLgmgAEgy8UHOfJ9Dj8w,60
5ee4yhrWOxaxvL77BoVpVR,59
5einkgXXrjhfYCyac1FANB,52
5f5mH9BDkeyXmDbzevu38d,59
5f78we4hhFFUzMdy8GDc70,4
5f7DcyMqNPFYloZM82D61t,43
5f7VJjfbwm532GiveGC0ZK,88
5fMUXHkw8R8eOP2RNVYEZX,78
5fmvGUlMVgmnCn45f1he7d,49
5gLMXPUMc0uh9TedkRlng9,32
5hNE6epHrPbYe4ljxr0h8H,24
5hOlafDJb53YrfAsWgKIN2,0
5hdhHgpxyniooUiQVaPxQ0,72
5iLaZnrGlRUHm2PwZ33dIt,34
5iNrZmtVMtYev5M9yoWpEq,68
5jJjvmEwRr8epuGZq4eUUa,44
5kDgW6kFF2iGCDuEkd7hNs,17
5kvxSGkZcVesEX2mqw0AtC,9
5kyrkoHcYHl2Hf74KB4fVw,40
5l81swbnEwWXCTQiEYmATF,43
5lC7N2Mm9i92KSfW4opawO,54
5lHRUCqkQZCIWeX7xG4sYT,64
5lTjv8Ag00qHSGhvK4JbeF,55
5lVUEGHUyXz8X6h58fuEwV,35
5lqCThgXwUH6vTzdVy9Vc9,39
5lrLb0jXN8RE9HMFLtnN9X,8
5m14oBgYEP1bA06sYpZvFI,0
5mMgoOCMh3ozQ0YtRHDuca,3
5me0Irg2ANcsgc93uaYrpb,78
5muRW7rqWZz4RdyWL5UX6N,38
5nDdaia3PDYD0x4zBEHGtg,0
5nGzaGf6NjhGOi14x6OSkS,0
5ndkK3dpZLKtBklKjxNQwT,72
5nki7yRhxgM509M5ADlN1p,70
5oaJTIJcH4ScbxjxvZviOp,38
5pBMkZNIlbGTH3hrsQJqAa,72
5pDjmC5mRl7vDJhsjVwNfk,63
5pKCCKE2ajJHZ9KAiaK11H,89
5pRlKxATEYXaSwYkFbkmMm,43
5pUo3fmmHT8bhCyHE52hA6,63
5pbdyhkEpMobD6Fs6h729Q,47
5pfoRuamMEPVINkcScn4pM,7
5pkMSRvBI8OXT3rExCzvNs,36
5pnHmnSlN4hJqjG3VWtdYJ,55
5qa31A9HySw3T7MKWI9bGg,66
5rAeRnEc7MJForkuQPrK2g,0
5rGrDvrLOV2VV8SCFVGWlj,73
5rM8dB5rqWAN4WhQpOHcEy,30
5rSjQ8u6HIZJDJmn4kxy8F,18
5rhznZjKfSxtKVqB0JZtpC,41
5rmy4yOHBOptMctO6t5Drl,32
5sK8BsvyDl4TFA6KaBf8or,62
5sWHDYs0csV6RS48xBl0tH,70
5sgcRRQA3HrL1AVk6oMUeg,57
5tKXB9uuebKE34yowVaU3C,64
5tRu5cxIoKA3BYCJ75cX8Y,20
5u4VR5dLnwM0wmf6FQH5kR,15
5uEeqYFuIChoWKy34jp8xE,67
5uLkZ7FWMTBUg1corQqdkR,58
5uiEF5htEqJgHcOajZ25ns,47
5ujBuZtDUrPORHkAyQJTjP,38
5uuqghaOBgtv92jDyDveQl,49
5vBSrE1xujD2FXYRarbAXc,68
5vBrKGOjN10BMwB0cJADj4,53
5vGy6auivb3qywR2zZQvU8,29
5vwP3drKp6uDTSIvKzWtlF,0
5wbf52LA6kcaboHSN6NEF1,67
5wtxbzgYhdnCUNb3z4ulUA,29
5wugb0kaq0J6nyQ5Xgd17i,57
5wwneIFdawNgQ7GvKK29Z3,63
5xUacP1mVGfiY7Zr9RskmS,50
5xWPJKDLLSDaz7K7tSMTFu,55
5xuNBZoM7z1Vv8IQ6uM0p6,61
5y3G1B8cpCTaoq0uDgjwzH,50
5yG7ZAZafVaAlMTeBybKAL,69
5yI61o62NLKjPUW0GXOsZx,10
5yJGa05i1aPqLi8AMZPAtI,37
5yPzzu25VzEk8qrGTLIrE1,72
5yV02XZUpUdSrmGvvi2MGV,18
5ypEYwWaSgtjBPCPcredFM,53
5yw4tA8D5uG7tT3NaDvq10,64
5yzMoVfzERWBsfhcQjbmSJ,24
5zctI4wO9XSKS8XwcnqEHk,69
5zfEatKLDdRkgbw6sdLBAQ,54
60d24wfXkVzDSfLS6hyCjZ,76
60sVnCJWU7WHTMSzK0HzPW,43
60yfafz0P3gqaUaOUIddae,52
619CzMJPPWrCeZwx5qw6ko,62
61ipISvUVa5LkJlKZnm3Oo,66
61qMnYXa1GxSBoV3IiYKjZ,53
62B4DjrvC9TInPtSt6UiLS,36
62EwkYfcXqFIYZsWNVBijP,25
62F9BiUmjqeXbBztCwiX1U,70
62WbvkXqQGvXQvw74GU3kQ,52
63MQldklfxkjYDoUE4Tppz,70
63XBtGSEZINSyXylZxEUbv,67
63kE1M6nlHBGwRttAc4Q6Z,33
63yrD80RY3RNEM2YDpUpO8,82
64KEffDW9EtZ1y2vBYgq8T,84
64M6ah0SkkRsnPGtGiRAbb,81
64MIiJ3jBhIAnFIgrJK2ls,36
64WnGi9H0Xc2RCGbjYAFd5,46
64k5e9kV9MdukXjFrR5R37,61
64tJ2EAv1R6UaZqc4iOCyj,78
656ibQgcoUQrUPdhQWRcI3,58
656sFhsnTuJ79P7apmFSVc,34
659Ki7iPWAX8POKyKNeoM4,31
65Q8M4mum2OT2SaZo6NWHH,14
65QcnpMJFv1yogXwoOe97v,38
65kpH75MFCBJhLy7qvVl6A,45
66CXWjxzNUsdJxJ2JdwvnR,89
66TrUkUZ3RM29dqeDQRgyA,67
66W9LaWS0DPdL7Sz8iYGYe,66
67IN4cLJ7798gUapyZlmac,71
67ONRteBPYNpIVL7MvBGQn,21
67YZ3dlerNxiIKCtrTMFLj,42
67ghKnycRX6VM1xfqJSMlH,65
67hggymbjwkuVTf7qrZanz,48
67nwj3Y5sZQLl72VNUHEYE,69
67sX3xnatlElE31KHjSWVr,46
68W5IWYUEsW0ahQS7LPp9x,36
69761NObDw2KwmmFgZmxzC,56
698hF4vcwHwPy8ltmXermq,65
699OTQXzgjhIYAHMy9RyPD,83
69GGBxA162lTqCwzJG5jLp,80
69LoD9SvwYptcAMxekwuqi,0
69jC7ohj08Zo9c5n6bAQ8I,8
69kaLOhCTqCneoqC59M0fL,11
69ug07KFFRhcCZ7iZ1Mn1i,30
6AMd49uBDJfhf30Ak2QR5s,79
6ASri4ePR7RlsvIQgWPJpS,73
6Ad91Jof8Niiw0lGLLi3NW,68
6AgTAQt8XS6jRWi4sX7w49,82
6AmkRQGotzDEgIFV598eH8,6
6AyATGg7mDgBlZ4N5uNog0,71
6CTStccOisUTgXVrtCIANm,54
6CTdeQLRFhYstXpdUmzyKE,22
6CawoDDP1IZUSGl4wSJGC9,58
6CjeJyjQQGDU5PLIrX1czs,21
6CwfuxIqcltXDGjfZsMd9A,73
6DVNszSOSwgALx7zGbR9rV,24
6DdbeAeBlrYj8bNToZv4TY,53
6DgP9otnZw5z6daOntINxp,74
6EN9iGovybDcQZ2NtsqMFd,42
6EPlBSH2RSiettczlz7ihV,76
6EYGGkM2JDpX5CjHpGkiME,53
6EYpuJIDJshhN4CHCg43te,48
6EzhUQ7WQQ711LOa3vEJTQ,28
6F4sdASNtbJq2hG5wry7hL,0
6F5Z4YcFqufzLD2fRsIOhZ,29
6FUA3zogfu84X8xhdQM5Rc,0
6FugQjLquBF4JzATRN70bR,68
6GIwyYD9kOim8j3M6jt4AM,50
6GMYJwaziB4ekv1Y6wCDWS,68
6GkJh85o22LfD2vgL9DP6f,65
6GpcBKNmZDIrRzYkPJu7Wd,59
6HQ6vf4AloXyVNdyJhrX1J,66
6HTHu9OnzdrUp3NryLbxAk,30
6Ha4aES39QiVjR0L2lwuwq,65
6HqBqtvU8rn9FuGl11NPIW,17
6HqgxkTt9KGyt27zYrwVan,63
6Hvq9w688rwXhVoAKZk5wk,14
6I3DfJduHgMduD2MSrtaBw,45
6If57j6e3TXXk0HiLcIZca,57
6JL8zeS1NmiOftqZTRgdTz,79
6JZIgN9gEgNSS8lY5pmwbx,50
6JajQ1VHanKIftKLeZRUSy,32
6JzWgxi0nFzcHq7cqpGbiz,56
6KImCVD70vtIoJWnq6nGn3,88
6KZDXtSj0SzGOV705nNeh3,67
6KZL22Io61OAjmyPw2tPor,39
6L1XC7NrmgWRlwAeLJvVtA,64
6LQYtKNp3ZsJ9xOzVVUj5j,52
6LlLRudDi60Uy4jcmOSEs1,55
6LqNN22kT3074XbTVUrhzX,77
6M2wZ9GZgrQXHCFfjv46we,87
6M6XXCcO5gI68XpIlrUL3Z,57
6MCW0S6GvMj7QaaH9sckgi,21
6MDME20pz9RveH9rEXvrOM,74
6MPCFvOQv5cIGfw3jODMF0,70
6MXu7TWZnmykwkXiRJeUMh,47
6MdfTMzwvMoSknp4M2QPGk,14
6NQgMwGc3jvdwGZKUbhhHi,47
6ONwLtT6vOzlO3pfZNAOMw,43
6ObeGN1qTsep95QRNOfNc3,61
6OqhFYFJDnBBHas02HopPT,55
6OxNVd9jJ2IbNrOjHdcpJZ,39
6P4EuWoUNsKfVVPk4Z5VWT,36
6P5NO5hzJbuOqSdyPB7SJM,69
6PUFh0Oa8MkLlpkfovzKnC,51
6PXS4YHDkKvl1wkIl4V8DL,70
6Paz0vXJJ9bCPf0fEm3qzg,58
6QMABvTzixnxzsLYyhqRxI,63
6QtgPSJPSzcnn7dPZ4VINp,76
6R6EfP43F8ZuMcilsE4zs7,46
6RDFXkWzNCRaw7yGhJ5Vp7,1
6Rf6w9LrInrRvLTh0sEzVW,32
6S0dmVVn4udvppDhZIWxCr,69
6S2OmqARrzebs0tKUEyXyp,78
6SSQog9cu2XcgHTRHPmECq,35
6Shas1ACrMl25XHgTrzxeo,47
6TFGiR7veIBctasL7NwQMy,21
6TcTgRYJBQzadIFeXXWA3I,48
6TiaugJU8uPpPYSXitPZs4,29
6TmkQ3Z9t6MI2NyGKqgPCh,10
6U0uBUKWYZKZYFGL00hMsp,58
6U43w7qaIwFTlbJWuLiBrf,39
6U53xCCVXmyimAgsBjCS8P,52
6UOuE1nAKdvop4bKkJyHt1,4
6USMTwO0MNDnKte5a5h0xx,61
6UWui6Csqc1ywqnDzjOWnk,57
6VJWRa6FwtWn7mwf5WgQz0,21
6VOoiigTiLVgsMQPP1JOdC,56
6VSMAVF00xwG8Adoqnbqy6,43
6VqcklbRxWexUybtk1Tzx6,0
6VxCmtR7S3yz4vnzsJqhSV,61
6W9GI0QPqUZkyhTxBMUAi5,31
6WGE3kO8ULME2ErBcOksSR,55
6WSTevYt4rGwm8QPKQr7dU,50
6Ww3OMFzCaO33ulKh1LBFN,60
6XMLYRQKAjxZF6V9IlxjVq,33
6XUob2lASlLLaavOTAw9Vb,37
6Xgp2XMz1fhVYe7i6yNAax,81
6XkvdLYwlPQRPIaxqPYdFr,25
6XpaIBNiVzIetEPCWDvAFP,76
6Y64EaNqpqcZYTgs4c76gF,63
6Yti5KSZWOxrpOX9w8qAz0,36
6ZdzYE3CEgY0Umgi3Dsgv8,42
6ZiGAU6TJQEyidFQ22eIOS,52
6aJRwrwfOffz7RMh2Cfm8e,48
6aX6KqXgEcARRHwvWxHcFW,59
6aiCKnIN68hohzU3ZzNq48,57
6apXk5PGvEVbgXOTyk6fP1,33
6ariF1Y37aZ2YbiVbeB9ej,11
6b29OPfOOGNOsUOFLfxRrc,20
6bLELAmHgltNbfZBjcaRjS,25
6beUvFUlKliUYJdLOXNj9C,59
6bmlMHgSheBauioMgKv2tn,69
6c4sUNBgdonFJz8Kx2VsGz,62
6cEuCEZu7PAE9ZSzLLc2oQ,77
6cK3NBO6uP7hh0oyuVELFl,71
6cVTa42IphmDksBQ8O0Zsv,26
6chWbUfdu6ibyaCXM1w8kQ,56
6cuxxfjj93mAeGlMFvSQK2,37
6cz2L1mrDFe5jXhGPV2hs8,10
6d47Z08T4snK50HgTEHo5Z,63
6d4AePmkVnbu2qIbT6vsem,54
6d88nPjQLpyxi8vH3wgkrx,57
6dO0RkhFhjMwLtLQqNgL8r,50
6dROiL44pIQZVNZ6Bc0OJO,47
6dewigIOIcG6m1XGsG4Mc3,46
6drTgQgI5H6DEARCycSZRF,1
6eGQ0qPUlGBjmRgyQ84g3f,48
6eJ9ZmCByqJMTd2ojvtjbx,0
6eKJWEzLZq8jZix8hdYsv4,44
6eUKZXaKkcviH0Ku9w2n3V,91
6eXZu6O7nAUA5z6vLV8NKI,61
6ew7qRw24oov125Oly8pFD,48
6f4XkbvYlXMH0QgVRzW0sM,66
6f6VAs9A49Er8jbbCUjAH0,31
6fFpDTKIIZJGSv07b6nQfj,24
6fOMl44jA4Sp5b9PpYCkzz,82
6fRolmhb2j5ddVmrnwCvi9,26
6fWVd57NKTalqvmjRd2t8Z,72
6fXEqmGQEt6ONuqVmwrN46,52
6gRcu5ab5jwZvVrnYRtZFi,15
6gT6Fw0g5nBD3RQiZub7cA,53
6gULIyn6McuRj6N1hKbwdj,15
6gUdSMCfQUezlMkMyzD4Pi,8
6gWGD0yeQYobb2sq0LUr7k,53
6gbGGM0E8Q1hE511psqxL0,53
6gcteR920pLEynlHzjSRYd,60
6hV6oxGLeLFw17DGjIPkYD,55
6hZR3bzXEjjaqDZQbZAVML,45
6hfwwpXqZPRC9CsKI7qtv1,66
6hoGQXDWXmzPEC7z74t4kv,33
6i1CBwvebApraHKXUhMHQK,47
6i392l38cR3uBPF0DbNs7S,66
6i3DxIlAqnDkwELLw4aVrx,61
6icQOAFXDZKsumw3YXyusw,77
6ieG0S33C4EEnvBzxOeLzy,18
6jGMq4yGs7aQzuGsMgVgZR,80
6jJ0s89eD6GaHleKKya26X,84
6jYkuWzgw8pGto1JFI0RNT,45
6kIgB5cLdAQ1ctIgs9lrkS,33
6kT18gnkVrCz8xJQcrib7L,59
6kncomCdQQz8jvnf7djNZI,42
6kyw9sh7ryjy1GQdPYH3Yd,40
6kzC09ZrhupHp3kqFU4E9t,28
6l3HvQ5sa6mXTsMTB19rO5,87
6lEhBhAv6HOopjXssi09cq,56
6lay1nwbE6hTx1jivysUAL,60
6lh35jTUhuYnyAmrwldmRr,21
6ltzsmQQbmdoHHbLZ4ZN25,72
6lzdsHJPRvkOydWYIQjnQc,40
6mzs66iVW15C5iLt0JLt41,60
6nN3rIGeytl83FygSzFxGt,0
6nS5roXSAGhTGr34W6n7Et,72
6nzxy2wXs6tLgzEtqOkEi2,62
6oBm8HB0yfrIc9IHbxs6in,67
6oMuImdp5ZcFhWP0ESe6mG,76
6oW4zCSDSA4RTCwFpatN3k,31
6oX4tx055oEFYM3ahDTyOD,49
6ogIjp0fsbUxlqy9q2rvrT,61
6ojLiXkE6pfuxeb9cfY7fU,46
6p5JxpTc7USNnBnLzctyd4,62
6pF6MN603wSrisJcf7HS5v,58
6pWcSL9wSJZQ9ne0TnhdWr,65
6q485cUmWwHHYBIEMxz7Ew,23
6qCI616skih6JquKXZpfr8,43
6qgnBH6iDM91ipVXv28OMu,75
6qjD8KqRe2dyNBsq1RcpaT,28
6qjhYs5KNSoSU6fNJqDGIo,59
6qqNVTkY8uBg9cP3Jd7DAH,88
6rGbeCM7NlhLSIvY2nIn6d,11
6rIaHuCIUu32uj2CjlEBN3,61
6rPgMyrhTQgfLkTQF4JRtk,35
6rniTPs9zN26kYnkPdFl1U,64
6s22t5Y3prQHyaHWUN1R1C,73
6s9IlZhrBJqv3ZCSNzP2Gs,38
6sFHvCyqklnJpXC9Nh1aag,61
6sFIWsNpZYqfjUpaCgueju,72
6sxcddx1xFwv0MblwbXNVq,45
6t0ofV5WMAz84Iqu0YkmTV,56
6t2Rja6dihuxH6Mrgyynp6,44
6tV2P2SciHytsSDufKr57B,64
6tlZOlraBrfKljvD2O6wTV,33
6trIghKwHRUyxwvm66HLHH,61
6u6AbTVrbabv27DLcSrF8i,56
6uF1M5ybqga38LSg10RTzZ,21
6uZjmsQb20mD9kVaEmWMhp,26
6ujr1NkqbZpYOhquczUUfl,55
6urkHDoIVO1WO8vNIwcJmM,58
6vAbPprzkLR2v8FpTgyYcV,52
6vCIRD06VaQwwaZS0TqiCz,50
6vCnF48qqPHgVMBEvcbgkU,49
6vL9by922NWeD5R9UqBR5N,0
6vR0K4MDsrtz81V3ikI49k,28
6vVztIuqdDHvYWxOEXCzjN,59
6vWDO969PvNqNYHIOW5v0m,87
6vZKj9U4vIetFGznCpxVN5,42
6vbY3hOaCAhC7VjucswgdS,65
6veh5zbFpm31XsPdjBgPER,69
6w3WTHXhYnXWRPLal2dsjY,17
6wPhSqRtPu1UhRCDX5yaDJ,69
6wj1lmmGhLZSlk4PL9ZTfy,0
6x9NfS0eURs17P5IZlCD4L,0
6xQvQwZQQuq9R3TdPNbcR8,59
6xini6REf0CP8muuVvDa91,56
6xlRSRMLgZbsSNd0BMobwy,67
6y5amJcTjeDgLXIjtQLMst,56
6yWyoXqS0w6DOb1Oae6cZZ,30
6ydoSd3N2mwgwBHtF6K7eX,77
6ywXRaHY7m2DJ0dd7CsLAB,58
6z1cicLMt9XArxN10q7m8a,56
6zFYqv1mOsgBRQbae3JJ9e,76
6zQRQ2jsbICny41g2fVT5U,44
6zmyeByNsfskQHKnJT0F9L,42
6zvul52xwTWzilBZl6BUbT,70
70P3P13wKq4OwV4JlnrCiV,16
70ljCILl0aVXitf3K39YvT,48
716NhGYqD1jl2wI1Qkgq36,85
719uuyBahStKulay3mLVOE,1
71GIJlKm9vrlrgy5a2b6BE,4
71hhKLR9oCOsHLdRIoQ5OU,49
71jSVPQ6yskfyvWeiwvT5s,59
72k9r9BXrtTSoihNnWMVfp,25
72nLe76yBFSlP6VBzME358,60
72owWXEwmyfKq3ajrajPAN,36
733pYGuQ9xwCh15uK2VWT1,52
736JbivCkAkdLP9xOA3jLs,42
738wLrAtLtCtFOLvQBXOXp,74
73SpjqbRsmNwFhRvNUd2r9,45
73UxAbwFSqyeq2cwqy6KC9,21
73YFrf7gXIkvp3pxaqtOpZ,33
73jBynjsVtofjRpdpRAJGk,69
73jeiP1ewA2a31wtPGTs6h,21
73jlPRxT7z5xk29sMqFDjU,63
73lC9QGob3QCyXallwiSWl,35
74GrV01oFcjJdLHCF9MWhr,58
74yfTxb5doXjUcv0g1DaMi,38
7502fDxg339jvGV08Jd4R0,61
756v6m3itc3cJJKe3GrIpM,19
757aE44tKEUQEqRuT6GnEB,79
75FnCoo4FBxH5K1Rrx0k5A,57
761R6TmYhSbPNOFfEf80pw,39
761TVEWipkW4DkdWHNZ9w9,28
76JyRfZDqhAIow2Awv91iW,44
76UDMWAgBkg69ZSmkuWmEK,0
76Xa625geVw0Q7BdyxNjA2,60
76h1HCkZHuJbPPTrNn0s7Y,27
774YcMz0dVdbjA6TNol5MY,28
77AiFEVeAVj2ORpC85QVJs,74
77SW9BnxLY8rJ0RciFqkHh,83
77UOS3mEkG3BpnpUGmqLe5,28
77qukKzmdI5BeMBR7WGUrN,65
77ziqFxp5gaInVrF2lj4ht,80
77zrvBORXcnTyysjjKRfBU,45
78GdFYPETzCgutsc5O5COH,30
78VRzO7r3mTOajbWPDEpv4,33
78X4dOavqIxQwnqTWXBfJ6,8
78sQakaygMHus1Iz7aHKxi,32
790FomKkXshlbRYZFtlgla,90
797a8TrmcDlhNiozB7pm8N,25
79JgYJHiBUZcvYqOC5Zufn,60
79L4pSyTjJSgzv3NRTHLf7,21
79Sxz4bJeibdabevi9PAVi,50
79Xp2rRN7wdsaTJgttdX3K,54
79mgHJytm385Muv7GfaneD,53
79nzgEOWF4wA968BixPPz8,38
79ux4ZlPkzM30KUghlW6ua,0
7A0uixti1BwCkt0wg9ViFU,14
7A8S43ryYdbWpJKeHRZRcq,65
7AC976RDJzL2asmZuz7qil,60
7ACEUD7UsmmXrnj4OLt8f9,63
7AgS2ycsLUG0NPTY1AAboT,55
7B4hKK0S9QYnaoqa9OuwgX,65
7BCzdg9R0InC8COslhyNrQ,48
7BJYwgRr5jyyEzvXJx4YSd,4
7BhFHZkSEe09pVDQZC6kVf,37
7Bo6vpAmmhylCRWoHSBkcZ,52
7CGVCEx27ejm3TTfC7S5uD,3
7CLsFRcEkn0Amc9VlVOFwR,62
7CajNmpbOovFoOoasH2HaY,86
7CnxjDbOLSjMEAcyehjztA,34
7CvGCtCZ2FOGlVoCr4wxbu,0
7DFChT5ZG46iXGb5z2IxYq,24
7Dhd8nNMvFdye1R3Y8wE6C,34
7DuTB6wdzqFJGFLSH17k8e,56
7EHnEv8TCCYrIbWuQvxxXK,0
7ExRitoagqoDzxPBU5hp8y,28
7F5dYEyW52dWxm6C1xge9G,24
7F9FobwEoTXZRdi1MAUFjX,27
7FGjkq9WfrRmBFL64ST0p9,56
7FNnA9vBm6EKceENgCGRMb,78
7G7KvDCLdVG0Ok511Iqc9U,46
7GDye5bCofmJk6vcMkVIw4,14
7GRJzNqBhBrhB9axaHsLlP,38
7GuUYiGZOzQwq4L6gAfy1T,55
7H55rcKCfwqkyDFH9wpKM6,70
7HJDRQAfEcFiARVehhM6qD,60
7HkRWn9KQavVjW2lCTGi3K,35
7HkdQ0gt53LP4zmHsL0nap,70
7Hol8IRGqnkUgWM21PHDhN,35
7HxYHEEUu6A6uMyQa3FIO4,1
7I2JG3CcPawkeQPE7uypHJ,68
7IPE7yIAIimkShwBF2C9ja,23
7IVtRQO6SOLW6u3N4iZoJY,25
7IlRNXHjoOCgEAWN5qYksg,73
7J6d4xXnORR1Z09E0VyC9u,24
7JKTCgpFrSFYQ920E8LlvH,6
7JLwBH0X2G8tgHceqvOu5B,43
7JohQNyszOkmblZwR1t7nx,24
7KAS6nu82JbPfW86OlC2aH,37
7KC9q5wx0bxMD5ABgLCoEd,50
7KVJCU4z5L4EUHILL8aMxR,69
7KdmibNmW5J0q5YtGnJqQ8,74
7KigP1NA8s7IiVIxP5ndwJ,55
7LUTnlRJMFvsrtuLgoxhxf,0
7Lk9V7E1u5gqSHmtcKlOqH,60
7Ln80lUS6He07XvHI8qqHH,86
7LrFXgUaby8e6rfohQGxhh,36
7LuvQlyXxSQI8h6V9doNQN,34
7LvDTuFCBv08xm6u1pOMK0,59
7LvoDJUNGnOrPdGRzVtOJ9,60
7M1o0qbrNWQ8kFHweVvIpA,32
7MCNGMtLh4DkZtCtgvmNOm,4
7MPGCB854Qo4alYMOPkBka,58
7Mkl8rsG7ZMoh0SZPuVZUW,42
4ah601vLGAuOKxH8q9wYOk,38
7N2F2ivJKsG2UuIADddGjg,13
7a8BUZtDtL6iUZtciYnCJv,17
7aD2Ni3fUu66gklUFlvJi5,43
7aWpPjjgItUnXljFxYYKZI,49
7arQA31aZVS8yS6zUveWzb,63
7avo0PmlW8O1YLEt9DnWQT,56
7b79bQFziJFedJb75k6hFt,70
7bEdOuEDXiW7XKrZMTLuzO,32
7bH17jyjkwMPMh9AS8EH0u,54
7bXgB6jMjp9ATFy66eO08Z,87
7bmYpVgQub656uNTu6qGNQ,61
7c0XG5cIJTrrAgEC3ULPiq,81
7cSbcJTJBBSXDjRNR2qD61,54
7cYClwnBRfOxHG5rsIql9m,36
7cYEt1pqMgXJdq00hAwVpT,79
7cavymxUtvjD9JcgJyRV7d,20
7ceUfdWq2t5nbatS6ollHh,60
7cyJzgiJTXR3hf62l5zLOr,45
7dFzqx2qyelGPiBKmdSEOT,57
7dGJo4pcD2V6oG8kP0tJRR,90
7dIpKWlEeAljA20vFJ82RD,70
7dJzxVffEZI5MuHOJiQB5A,51
7dgCfYEmAX7OxaYWgCGxAr,41
7dxr6AabRWhsfYRyVJlErK,53
7e10JUMF7MJmmwYpnTSMI5,59
7e1BNCygl2Gf7CX8LrByPv,60
7eCvqLQ7IQ95ohvznVvCEw,1
7eOahDEaBTdUSDNRBAhxP7,0
7ecRwFks8F2vYad383BkKf,51
7ecUintnJKHsDyZT1qOPYZ,46
7eehGkMnqCS6Hp7HJIXH9e,59
7fqDRFkiuwzFDde1K0taVs,53
7g39o49fJ4Ku91kiBVmaCW,42
7g3TOskoEo9aKcrahktN81,25
7gAYvcQFmAruyvwGjxrSUr,51
7gAppWoH7pcYmphCVTXkzs,67
7gP3bB2nilZXLfPHJhMdvc,71
7gRhy3MIPHQo5CXYfWaw9I,64
7gXb99Sf9nNmpNYeAgIQFG,66
7gZfnEnfiaHzxARJ2LeXrf,72
7giUHu5pv6YTZgSkxxCcgh,62
7gvbCoLA8lJUktp8G2xIRR,55
7gvfwZpt5Xe7wwRskHZZtV,13
7hJcb9fa4alzcOq3EaNPoG,83
7hj7ffJe6UkF1gsMpuweSI,57
7i3eGEz3HNFnPOCdc7mqoq,56
7i9j813KFoSBMldGqlh2Z1,67
7iDeMFJKjI1ak40N3hoYOZ,53
7iK8PXO48WeuP03g8YR51W,86
7iZtZyCzp3LItcw1wtPI3D,73
7ibAWtDtmEfaVhc1FJ3Vl9,62
7j5gf4JFOHayawUxDPGUG4,19
7jVv8c5Fj3E9VhNjxT4snq,79
7jY9fXzyE5TFDKvLfGoUls,2
7jZM5w05mGhw6wTB1okhD9,63
7kFfY4UjNdNyaeUgLIEbIF,63
7kRrkUEPgO3TRfAi7Gsw2i,46
7kXCcNRLEnblbTAppPraBp,50
7keGfmQR4X5w0two1xKZ7d,72
7kihTGBphpcCMUiWlm1TN8,13
7koJQAjVzXoUpH6pXrihXA,51
7lIVjtsgz0y1oRQFBAVNzq,58
7ll2cIvn23kdAxARV2diIJ,23
7ltDVBr6mKbRvohxheJ9h1,85
7me0S5Z40qVWj3gzyK8aC3,64
7meyrw7Or5DwteYxDJrkCM,56
7mjToYiXx9JeAXxWVG1kz0,29
7mnlvgcnumZKz2wc9X4l0X,10
7n2Ycct7Beij7Dj7meI4X0,81
7n2wHs1TKAczGzO7Dd2rGr,83
7naAJDAh7AZnf18YYfQruM,58
7nqlScm2smydSRl13eaP8E,57
7nu9PX7jPGuTdq7EFGcwyd,8
7oDbtRNZmPSL1QFbiVtsHf,19
7oEWmZ9dKlAVxTgmjUbYr4,58
7oPxPZSk7y5q0fhzpmX5Gi,58
7oQbpJRZC7Y73CZRV4OFOK,30
7paUluJ7hvCKRvaz7JOppE,27
7pbDxGE6nQSZVfiFdq9lOL,76
7qDiJfSZ3jm3vRN37nJdkZ,36
7qDpBmvybNw8KtjRW36OkX,33
7qF6NAMsPdmVz0o8n5v1Ht,48
7qkvFnjthKxFF7LgXH44Aa,2
7qplXWyxHyxChnW37jxBxt,46
7rdiGVXL2fFyONexHzfKFS,53
7rgCh0Go1ezmcV75kXQM2T,50
7sPFCTilT1dZsqcDXzOiQf,39
7sfl4Xt5KmfyDs2T3SVSMK,72
7tKpXx21KVUOR6vvDs6xtg,56
7tYKF4w9nC0nq9CsPZTHyP,90
7tiYEpNsb7Jgby6NB6jKfh,45
7tpKRI35zgwV44NnQGz7g9,18
7trKViRlVbKr7Yrh9ygHnS,37
7uPg6B4cBgruEGZOSlhtE2,23
7uWMG0Go7YMKqVG1fbsOBO,26
7uaIm6Pw7xplS8Dy06V6pT,65
7ui1kBUIbujvJnIXxDjoWz,43
7vMpNua6oKT52WWHNUJ1No,39
7vPGzgDg3qGUY5bWtrO3K4,51
7vRMMs8yrKf4PKUpUllMkr,46
7vWC03wqXwUqjPON8hc1tz,54
7vXwfZyDp3spzIVNXDaTPN,53
7vk5e3vY1uw9plTHJAMwjN,81
7wlFDEWiM5OoIAt8RSli8b,84
7wqtxqI3eo7Gn1P7SpP6cQ,61
7wrulS1dfanckBnoxxEuS6,50
7x6KEmSwlWNo0d628uyi7W,31
7xlLJW6mWTYxZVLYkSGPjJ,42
7xptS6tXbeVdFQtecOPpjc,20
7yPPzu5UdAK7yagQqjEZQm,55
7yntSJ6uojO3z6GFUVwhAW,67
7z2avKuuiMAT4XZJFv8Rvh,67
7z5WFjZAIYejWy0NI5lv4T,73
7zYj9S9SdIunYCfSm7vzAR,60
